,Title,Link,Upload Date,View Count,Absolute Upload Date
0,"ì „êµ­ íŒ”ë„ ì •ì„±ê°€ë“í•œ ê¸¸ê±°ë¦¬ìŒì‹? íŒ”ë¦¬ëŠ” ì–‘ì´ ì–´ë§ˆì–´ë§ˆí•œ! ì•¼ì‹œì¥ ë§›ì§‘ ë‹¬ì¸ ëª°ì•„ë³´ê¸° Top23, Top 23 Korean best night market food master",https://www.youtube.com/watch?v=szDYnZbJ44Y&pp=ygUKa29yZWEgZm9vZA%3D%3D,2ë…„ ì „,ì¡°íšŒìˆ˜ 1106ë§ŒíšŒ,2022-07-02 00:00:00
1,"ëŒ€í•œë¯¼êµ­ ì „êµ­ì˜ ì´ìƒ‰ì ì´ê³  ì¸ê¸°ìˆëŠ” ì—­ëŒ€ê¸‰ ì¹¨ìƒ˜ìê·¹! ì…ì´ í–‰ë³µí•œ ê¸¸ê±°ë¦¬ ìŒì‹ ëª°ì•„ë³´ê¸° / chicken, noodle, tteokbokki / korean street food",https://www.youtube.com/watch?v=BpALiQo1lwI&pp=ygUKa29yZWEgZm9vZA%3D%3D,1ì¼ ì „,ì¡°íšŒìˆ˜ 40ë§ŒíšŒ,2024-06-30 00:00:00
2,"ì§„ì‹¬ì´ ëŠê»´ì§‘ë‹ˆë‹¤!! ëŒ€í•œë¯¼êµ­ ë†€ëê³  í¥ë¯¸ë¡œìš´ ê¸¸ê±°ë¦¬ìŒì‹ Top10 ëª°ì•„ë³´ê¸°, ë–¡ë³¶ì´, í†µë‹­, ì‚¼ê²¹ì‚´, í”¼ì, ì–´ë¬µ, íŠ€ê¹€ / Korea's top 10 street food",https://www.youtube.com/watch?v=BUQV6wCn9jc&pp=ygUKa29yZWEgZm9vZA%3D%3D,4ë…„ ì „,ì¡°íšŒìˆ˜ 199ë§ŒíšŒ,2020-07-02 00:00:00
3,"ê¼­ë‘ìƒˆë²½ë¶€í„° ì¤€ë¹„í•˜ëŠ” ì‹œì¥ ê¸¸ê±°ë¦¬ìŒì‹? ê°€ì„±ë¹„ ëíŒì™•! ëë‚´ì£¼ê²Œ ë§›ìˆëŠ”! ì „êµ­ ë‹¬ì¸ ë§›ì§‘ ëª°ì•„ë³´ê¸° Top 6, Best Korean street food masters video",https://www.youtube.com/watch?v=WP6ff928E00&pp=ygUKa29yZWEgZm9vZA%3D%3D,4ê°œì›” ì „,ì¡°íšŒìˆ˜ 346ë§ŒíšŒ,2024-03-03 00:00:00
4,í™˜ìƒì ì¸ ì„¤ë¹„ì™€ ì œì¡°ê³¼ì •ì˜ í•œêµ­ ì‹í’ˆê³µì¥ ëŒ€ëŸ‰ìƒì‚° ëª°ì•„ë³´ê¸° / Korea Food Factory,https://www.youtube.com/watch?v=-iiuZsG8HRc&pp=ygUKa29yZWEgZm9vZA%3D%3D,1ë…„ ì „,ì¡°íšŒìˆ˜ 467ë§ŒíšŒ,2023-07-02 00:00:00
5,Best KOREAN FOOD Tour Ever!! 33 Meals from Seoul to Busan! [Full Documentary],https://www.youtube.com/watch?v=RbpKkvlHYTw&pp=ygUKa29yZWEgZm9vZA%3D%3D,3ê°œì›” ì „,ì¡°íšŒìˆ˜ 1.2ì–µíšŒ,2024-04-02 00:00:00
6,"ìƒìƒí•œ í˜„ì¥! ì „í†µ ì‹œì¥ ë†€ë¼ìš´ ê¸¸ê±°ë¦¬ ìŒì‹ Top8 ëª°ì•„ë³´ê¸°, ë–¡ë³¶ì´, ìˆ˜ì œì–´ë¬µ, ìˆœëŒ€, í†µë‹­, ë¶„ì‹/ Top8 Vivid Market Food-Korean Street Food",https://www.youtube.com/watch?v=OKQygBOhEiE&pp=ygUKa29yZWEgZm9vZA%3D%3D,3ê°œì›” ì „,ì¡°íšŒìˆ˜ 735ë§ŒíšŒ,2024-04-02 00:00:00
7,"Raw beef kimbap at Gwangjang Market in Seoul, South Korea!",https://www.youtube.com/shorts/2UtiiCWk2ZA,3ê°œì›” ì „,ì¡°íšŒìˆ˜ 413ë§ŒíšŒ,2024-04-02 00:00:00
8,ASMR MUKBANG| ì§ì ‘ ë§Œë“  ë–¡ë³¶ì´ ì–‘ë…ì¹˜í‚¨ ê¹€ë°¥ ë¨¹ë°© & ë ˆì‹œí”¼ FRIED CHICKEN AND Tteokbokki EATING,https://www.youtube.com/watch?v=EuySE6259wQ&pp=ygUKa29yZWEgZm9vZA%3D%3D,3ë…„ ì „,ì¡°íšŒìˆ˜ 3ë§ŒíšŒ,2021-07-02 00:00:00
9,Day 121 of only eating food from a Korean convenience store! #korea #koreanconveniencestore #ramen,https://www.youtube.com/shorts/WqAZHJlJu9k,5ê°œì›” ì „,ì¡°íšŒìˆ˜ 524ë§ŒíšŒ,2024-02-02 00:00:00
10,[FRK with NewJeans]  Koreansâ€™ Korea: K-Food #Koreans_Korea #K-food #VisitKoreaYear,https://www.youtube.com/watch?v=p9a2FkZf5b8&pp=ygUKa29yZWEgZm9vZA%3D%3D,4ê°œì›” ì „,ì¡°íšŒìˆ˜ 635ë§ŒíšŒ,2024-03-03 00:00:00
11,"Epic KOREAN STREET FOOD MARKET TOUR in Seoul! (GwangJang Market, South Korea)",https://www.youtube.com/watch?v=bx0u67Mj5bY&pp=ygUKa29yZWEgZm9vZA%3D%3D,1ë…„ ì „,ì¡°íšŒìˆ˜ 481ë§ŒíšŒ,2023-07-02 00:00:00
12,"1ì‹œê°„ ìˆœì‚­! í‰ì†Œ ê¶ê¸ˆí–ˆë˜ ê¹¨ë—í•œ í•œêµ­ì˜ ì‹í’ˆê³µì¥(ê³¼ì¦,ì°°ë³´ë¦¬ë¹µ,ë°°ìŒ€ë¹µ,êµ¬ìš´ë–¡,ê¹€ì¹˜) ëª°ì•„ë³´ê¸° / Clean korean food factory",https://www.youtube.com/watch?v=w-Bl7pjdsU0&pp=ygUKa29yZWEgZm9vZA%3D%3D,15ì‹œê°„ ì „,ì¡°íšŒìˆ˜ 395ë§ŒíšŒ,2024-06-30 09:00:00
13,í•œêµ­ ë¶„ì‹ì„ ì²˜ìŒ ë¨¹ì–´ë³¸ ì˜êµ­ ì¶•êµ¬ì„ ìˆ˜ë“¤ì˜ ë°˜ì‘!?,https://www.youtube.com/watch?v=1FP57skH7Q4&pp=ygUKa29yZWEgZm9vZA%3D%3D,8ì‹œê°„ ì „,ì¡°íšŒìˆ˜ 3ë§ŒíšŒ,2024-06-30 16:00:00
14,25ê°€ì§€ ì§‘ë°¥ ëª¨ìŒã…£3ë…„ê°„ ë§Œë“  ì§‘ë°¥ ì¤‘ ë§›ìˆëŠ” ìš”ë¦¬ë§Œ ëª¨ì€ ì˜ìƒ,https://www.youtube.com/watch?v=SeaiInbr92k&pp=ygUKa29yZWEgZm9vZA%3D%3D,9ì‹œê°„ ì „,ì¡°íšŒìˆ˜ 169ë§ŒíšŒ,2024-06-30 15:00:00
15,"ì˜ˆì•½ì•ˆí•˜ë©´ ì¤„ì„œë„ ëª»ë¨¹ëŠ” í„°ë¯¸ë„ìƒê°€ 2ì¸µ ì¤‘êµ­ì§‘! ê³ êµ¬ë§ˆíŠ€ê¹€ì„ 2ë‹¨ìœ¼ë¡œ ìŒ“ì•„ì£¼ëŠ” ì—­ëŒ€ê¸‰ ì‚°ë”ë¯¸ ì§œì¥ë©´, í•´ë¬¼í­íƒ„ ì§¬ë½• / ê°•í™” ê¸ˆë¬¸ë„",https://www.youtube.com/watch?v=-wiRYfPpInU&pp=ygUKa29yZWEgZm9vZA%3D%3D,ìŠ¤íŠ¸ë¦¬ë° ì‹œê°„: 2ì‹œê°„ ì „,ì¡°íšŒìˆ˜ 2.8ë§ŒíšŒ,2024-06-30 22:00:00
16,ë©•ì‹œì½” ì‚¬ëŒë“¤ì€ ë­ë“ ì§€ ë˜ë ì•„ì— ì‹¸ ë¨¹ìŠµë‹ˆë‹¤ğŸŒ® ë°±ì¢…ì›ì´ ì•Œë ¤ì£¼ëŠ” ë©•ì‹œì½” ì‚¬ëŒë“¤ì˜ ìŒì‹ ë¨¹ëŠ” íŒ! | ìŠ¤íŠ¸ë¦¬íŠ¸í‘¸ë“œíŒŒì´í„°2,https://www.youtube.com/watch?v=v_V49WtPV3U&pp=ygUKa29yZWEgZm9vZA%3D%3D,9ì‹œê°„ ì „,ì¡°íšŒìˆ˜ 327ë§ŒíšŒ,2024-06-30 15:00:00
17,(1ì‹œê°„) ë°±ì¢…ì›ì´ ì¶”ì²œí•˜ëŠ” ë² íŠ¸ë‚¨ í˜„ì§€ ìŒì‹ğŸ¤¤ ì´ ì˜ìƒ í•˜ë‚˜ë¡œ ë² íŠ¸ë‚¨ ì¤€ë¹„ ë! | #ìŠ¤íŠ¸ë¦¬íŠ¸í‘¸ë“œíŒŒì´í„°2 #ë””ì œì´í”½,https://www.youtube.com/watch?v=XQY5ZUxGuqY&pp=ygUKa29yZWEgZm9vZA%3D%3D,50ë¶„ ì „,ì¡°íšŒìˆ˜ 731ë§ŒíšŒ,2024-06-28 22:00:00
18,í•„ë¦¬í•€ ìŒì‹ TOP 10,https://www.youtube.com/watch?v=3uPtJZpLLtw&pp=ygUKa29yZWEgZm9vZA%3D%3D,7ì‹œê°„ ì „,ì¡°íšŒìˆ˜ 1526ë§ŒíšŒ,2024-06-30 17:00:00
19,Why Korean Stadium Food DESTROYS American Stadium Food!! Youâ€™re Being Robbed!!,https://www.youtube.com/watch?v=h2rEeZt4mEg&pp=ygUKa29yZWEgZm9vZA%3D%3D,8ê°œì›” ì „,ì¡°íšŒìˆ˜ 882ë§ŒíšŒ,2023-11-04 00:00:00
20,Wedding food in KoreağŸ‡°ğŸ‡· #korea #mukbang #korean #foodie #yummy #seoul #wedding #food #koreafoodie,https://www.youtube.com/shorts/wcDRLjmoyFk,15ì‹œê°„ ì „,ì¡°íšŒìˆ˜ 3274ë§ŒíšŒ,2024-06-30 09:00:00
21,Eating GIANT Foods From a Korean Convenience Store!,https://www.youtube.com/shorts/PyHOxN3hLU0,19ì‹œê°„ ì „,ì¡°íšŒìˆ˜ 2132ë§ŒíšŒ,2024-06-30 05:00:00
22,Making a Lunchbox at a Korean Traditional Market ğŸ‡°ğŸ‡·ğŸ± #korea #southkorea #seoul #koreanfood,https://www.youtube.com/shorts/50Qi-EGOFd0,20ì‹œê°„ ì „,ì¡°íšŒìˆ˜ 388ë§ŒíšŒ,2024-06-30 04:00:00
23,ì²­ì£¼ì— ì‹ ìƒ ë¶„ì‹ ë§›ì§‘ì´ ë–³ë‹¤!! 100% ìˆ˜ì œë¡œ ë§Œë“œëŠ” íŠ€ê¹€ì— ì«€ë“ì«€ë“ ìŒ€ ë–¡ë³¶ì´ ëŒ€ì¡´ë§›ì§‘ ,https://www.youtube.com/watch?v=ub1WfnpqXFc&pp=ygUKa29yZWEgZm9vZA%3D%3D,15ì‹œê°„ ì „,ì¡°íšŒìˆ˜ 1123ë§ŒíšŒ,2024-06-30 09:00:00
24,What I Ate for Lunch at a High School in Korea Part 2 ğŸ‡°ğŸ‡·ğŸ« #korea #southkorea #seoul #koreanfood,https://www.youtube.com/shorts/AAtPyPh5MU0,1ë…„ ì „,ì¡°íšŒìˆ˜ 5068ë§ŒíšŒ,2023-07-02 00:00:00
25,China or KoreağŸ˜‹,https://www.youtube.com/shorts/Qrr1bk-hkVc,6ê°œì›” ì „,ì¡°íšŒìˆ˜ 1341ë§ŒíšŒ,2024-01-03 00:00:00
26,"All the street food I ate in Busan, Korea!",https://www.youtube.com/shorts/hDMv-YSuyrk,2ë…„ ì „,ì¡°íšŒìˆ˜ 887ë§ŒíšŒ,2022-07-02 00:00:00
27,"Travelers, Where would you like to eat in Korea? #food",https://www.youtube.com/watch?v=4uP025wf2w0&pp=ygUKa29yZWEgZm9vZA%3D%3D,3ê°œì›” ì „,ì¡°íšŒìˆ˜ 448ë§ŒíšŒ,2024-04-02 00:00:00
28,"British, Japanese, American, and Korean REACT to Best Ever Food Show Visiting Korean Night Market!!!",https://www.youtube.com/watch?v=ffumy1mDfUY&pp=ygUKa29yZWEgZm9vZA%3D%3D,6ê°œì›” ì „,ì¡°íšŒìˆ˜ 1364ë§ŒíšŒ,2024-01-03 00:00:00
29,Live Korea Travel | Korean Street Night Walking Tour Live | Seomyeon Busan Trip Korea Best Places ğŸ‘,https://www.youtube.com/watch?v=qOxGEXr7U-Y&pp=ygUKa29yZWEgZm9vZA%3D%3D,8ê°œì›” ì „,ì¡°íšŒìˆ˜ 1íšŒ,2023-11-04 00:00:00
30,Live Korea Travel | Korean Street Night Walking Tour Live | Itaewon Seoul Trip Korea Best Places ğŸ‘,https://www.youtube.com/watch?v=hQwYjZGaz2s&pp=ygUKa29yZWEgZm9vZA%3D%3D,1ë…„ ì „,ì¡°íšŒìˆ˜ ì—†ìŒ,2023-07-02 00:00:00
31,Gentle Korean Food for the Upset Stomach,https://www.youtube.com/watch?v=q99q35nLbLQ&pp=ygUKa29yZWEgZm9vZA%3D%3D,5ê°œì›” ì „,ì¡°íšŒìˆ˜ 60íšŒ,2024-02-02 00:00:00
32,ğŸ’•Love Korea foodğŸ’•Thank you I will eat wellğŸ˜‹One Taeyong ë¼ì´ë¸Œ ìŠ¤íŠ¸ë¦¬ë° ì¤‘,https://www.youtube.com/watch?v=0sU8-Cw6zXI&pp=ygUKa29yZWEgZm9vZA%3D%3D,1ë…„ ì „,ì¡°íšŒìˆ˜ 124íšŒ,2023-07-02 00:00:00
33,Korean food ğŸ¥˜ğŸ˜‹ğŸ˜‹ğŸ§‘â€ğŸ³ #fbreelsfypã‚·ã‚š  #food  #korea,https://www.youtube.com/watch?v=RNfK7XIkFJk&pp=ygUKa29yZWEgZm9vZA%3D%3D,7ê°œì›” ì „,ì¡°íšŒìˆ˜ 1.2ì–µíšŒ,2023-12-04 00:00:00
34,Korean university breakfast pt 79 #estudiarencorea #food #koreauniversity #koreanstudies,https://www.youtube.com/shorts/193naj4y4UI,7ê°œì›” ì „,ì¡°íšŒìˆ˜ 994íšŒ,2023-12-04 00:00:00
35,ğŸ“ğŸ‡°ğŸ‡· ë¡ì§„ ê¹€í¬ ì¥ê¸°ë™ ë¼ë² ë‹ˆì²´ ğŸ‘ğŸ¼   #koreafood #korea #ë¡ì§„ #ê¹€í¬ #ì¥ê¸°ë™ #ë¼ë² ë‹ˆì²´ #í•œêµ­ #à¹€à¸à¸²à¸«à¸¥à¸µ,https://www.youtube.com/shorts/X8dtR1HN4PQ,1ë…„ ì „,ì¡°íšŒìˆ˜ 1íšŒ,2023-07-02 00:00:00
36,Lunch of ordinary office workers in KoreağŸ‡°ğŸ‡· pt.12 #koreanfood #foodinkorea #food #foodie #lunch,https://www.youtube.com/shorts/GmetP56MXqk,4ì¼ ì „,ì¡°íšŒìˆ˜ ì—†ìŒ,2024-06-27 00:00:00
37,BEST Seoul Street Food!! ğŸ‡°ğŸ‡· #seoul #southkorea #korea #koreanfood #streetfood #nightmarket #travel,https://www.youtube.com/shorts/WMQbUgmbr8I,2ê°œì›” ì „,ì¡°íšŒìˆ˜ 828íšŒ,2024-05-02 00:00:00
38,"Bulgogi Korean Restaurante,Seoul,Korea ğŸ‡°ğŸ‡· #travel #food #korea #koreafood #korean #mukbang #foodtrip",https://www.youtube.com/watch?v=TOuDEmLSt1o&pp=ygUKa29yZWEgZm9vZA%3D%3D,6ê°œì›” ì „,ì¡°íšŒìˆ˜ 105ë§ŒíšŒ,2024-01-03 00:00:00
39,Koreansâ€™ Korea K food with NewJeans,https://www.youtube.com/shorts/1vC_y-Kse2I,6ê°œì›” ì „,ì¡°íšŒìˆ˜ 681ë§ŒíšŒ,2024-01-03 00:00:00
40,Korean Rice Roll (Kimbap) #koreanfood #kimbap #korea #delicious #food #foodie,https://www.youtube.com/shorts/GW8jY_EntJo,1ë…„ ì „,ì¡°íšŒìˆ˜ 1791ë§ŒíšŒ,2023-07-02 00:00:00
41,this is probably the cringest edit I ever made,https://www.youtube.com/shorts/4fgQHpvFqpo,11ê°œì›” ì „,ì¡°íšŒìˆ˜ 3274ë§ŒíšŒ,2023-08-06 00:00:00
42,America or KoreağŸ¤”,https://www.youtube.com/shorts/JCpRjQ8Ec94,1ë…„ ì „,ì¡°íšŒìˆ˜ 2036ë§ŒíšŒ,2023-07-02 00:00:00
43,Best Korean food combinations ğŸ˜‹,https://www.youtube.com/shorts/h2ZGRg3m1A4,2ë…„ ì „,ì¡°íšŒìˆ˜ 448ë§ŒíšŒ,2022-07-02 00:00:00
44,ì²­ì£¼ì— ì‹ ìƒ ë¶„ì‹ ë§›ì§‘ì´ ë–³ë‹¤!! 100% ìˆ˜ì œë¡œ ë§Œë“œëŠ” íŠ€ê¹€ì— ì«€ë“ì«€ë“ ìŒ€ ë–¡ë³¶ì´ ëŒ€ì¡´ë§›ì§‘ ,https://www.youtube.com/watch?v=ub1WfnpqXFc&pp=ygUKa29yZWEgZm9vZA%3D%3D,1ê°œì›” ì „,ì¡°íšŒìˆ˜ 1201ë§ŒíšŒ,2024-06-01 00:00:00
45,What My Korean Grandma Made Me for Lunch Part 14ğŸ¥ #shorts,https://www.youtube.com/shorts/kkO6Pi9VreE,5ê°œì›” ì „,ì¡°íšŒìˆ˜ 1791ë§ŒíšŒ,2024-02-02 00:00:00
46,What I Ate for Lunch at the Office in Korea Part 18 ğŸ‡°ğŸ‡· #korea #southkorea #seoul #koreanfood,https://www.youtube.com/shorts/VxVo4cRxYTM,5ì¼ ì „,ì¡°íšŒìˆ˜ 2880ë§ŒíšŒ,2024-06-26 00:00:00
47,What I Ate for Lunch in 7/11 Korea,https://www.youtube.com/shorts/GVsFUEyfIjI,1ë…„ ì „,ì¡°íšŒìˆ˜ 215ë§ŒíšŒ,2023-07-02 00:00:00
48,Must-eat in Myeongdong ğŸ‡°ğŸ‡· #seoul #korea #koreanfood #streetfood #mukbang #koreanstreetfood #shorts,https://www.youtube.com/shorts/Iha2-lR7IR0,1ë…„ ì „,ì¡°íšŒìˆ˜ 987ë§ŒíšŒ,2023-07-02 00:00:00
49,"ìƒìƒí•œ í˜„ì¥! ì „í†µ ì‹œì¥ ë†€ë¼ìš´ ê¸¸ê±°ë¦¬ ìŒì‹ Top8 ëª°ì•„ë³´ê¸°, ë–¡ë³¶ì´, ìˆ˜ì œì–´ë¬µ, ìˆœëŒ€, í†µë‹­, ë¶„ì‹/ Top8 Vivid Market Food-Korean Street Food",https://www.youtube.com/watch?v=OKQygBOhEiE&pp=ygUKa29yZWEgZm9vZA%3D%3D,9ê°œì›” ì „,ì¡°íšŒìˆ˜ 524ë§ŒíšŒ,2023-10-05 00:00:00
50,Library lunch in KoreağŸ‡°ğŸ‡· #mukbang #korea #foodie #korean #yummy #seoul #food #koreanfood,https://www.youtube.com/shorts/4SFjore0tIU,1ë…„ ì „,ì¡°íšŒìˆ˜ 635ë§ŒíšŒ,2023-07-02 00:00:00
51,Best KOREAN FOOD Tour Ever!! 33 Meals from Seoul to Busan! [Full Documentary],https://www.youtube.com/watch?v=RbpKkvlHYTw&pp=ygUKa29yZWEgZm9vZA%3D%3D,2ê°œì›” ì „,ì¡°íšŒìˆ˜ 405ë§ŒíšŒ,2024-05-02 00:00:00
52,"1ì‹œê°„ ìˆœì‚­! í‰ì†Œ ê¶ê¸ˆí–ˆë˜ ê¹¨ë—í•œ í•œêµ­ì˜ ì‹í’ˆê³µì¥(ê³¼ì¦,ì°°ë³´ë¦¬ë¹µ,ë°°ìŒ€ë¹µ,êµ¬ìš´ë–¡,ê¹€ì¹˜) ëª°ì•„ë³´ê¸° / Clean korean food factory",https://www.youtube.com/watch?v=w-Bl7pjdsU0&pp=ygUKa29yZWEgZm9vZA%3D%3D,1ë…„ ì „,ì¡°íšŒìˆ˜ 3113ë§ŒíšŒ,2023-07-02 00:00:00
53,í•œêµ­ ë¶„ì‹ì„ ì²˜ìŒ ë¨¹ì–´ë³¸ ì˜êµ­ ì¶•êµ¬ì„ ìˆ˜ë“¤ì˜ ë°˜ì‘!?,https://www.youtube.com/watch?v=1FP57skH7Q4&pp=ygUKa29yZWEgZm9vZA%3D%3D,2ë…„ ì „,ì¡°íšŒìˆ˜ 3453ë§ŒíšŒ,2022-07-02 00:00:00
54,í•œêµ­ ì•¼êµ¬ì¥ ìŒì‹ì— ì¶©ê²©ë°›ì€ í•´ì™¸ ë¨¹ë°© ìœ íŠœë²„ ë°˜ì‘ã…‹ã…‹ã…‹ã…‹,https://www.youtube.com/shorts/I-qH_s1NuOA,1ë…„ ì „,ì¡°íšŒìˆ˜ 445ë§ŒíšŒ,2023-07-02 00:00:00
55,Lunch of ordinary office workers in KoreağŸ‡°ğŸ‡· pt.24 #koreanfood  #food  #foodie #mukbang #cooking,https://www.youtube.com/shorts/nrGaICvZNo4,1ë…„ ì „,ì¡°íšŒìˆ˜ 1123ë§ŒíšŒ,2023-07-02 00:00:00
56,What I Ate for Lunch at the Office in Korea Part 2 ğŸ‡°ğŸ‡· #korea #seoul #mukbang #koreanfood,https://www.youtube.com/shorts/c8PutbZO2Hs,6ê°œì›” ì „,ì¡°íšŒìˆ˜ 3804ë§ŒíšŒ,2024-01-03 00:00:00
57,Korean convenience stores just hit different #conveniencestore #foodie #koreanfood,https://www.youtube.com/shorts/uQC4C2KBE_w,1ë…„ ì „,ì¡°íšŒìˆ˜ 1247ë§ŒíšŒ,2023-07-02 00:00:00
58,Lunch of ordinary office workers in KoreağŸ‡°ğŸ‡· pt.17 #koreanfood #food #foodie #cooking #mukbang,https://www.youtube.com/shorts/cVzbA6VGo6M,1ë…„ ì „,ì¡°íšŒìˆ˜ 5068ë§ŒíšŒ,2023-07-02 00:00:00
59,ìœ¡ì¦™ ê°€ë“í•œ ë–¡ê°ˆë¹„ ë§Œë“¤ê¸° / korean style hamburger steak - tteokgalbi / korean street food,https://www.youtube.com/shorts/3JgMdypcopc,2ë…„ ì „,ì¡°íšŒìˆ˜ 773ë§ŒíšŒ,2022-07-02 00:00:00
60,What I Ate for Lunch at the Office in Korea Part 28 ğŸ‡°ğŸ‡· #korea #southkorea #seoul #koreanfood,https://www.youtube.com/shorts/WbH9879fkmM,5ê°œì›” ì „,ì¡°íšŒìˆ˜ 1451ë§ŒíšŒ,2024-02-02 00:00:00
61,Seoul street food MUKBANGğŸŒ­ğŸ­ #shorts #funny #viral,https://www.youtube.com/shorts/xBYHv3flbrM,10ê°œì›” ì „,ì¡°íšŒìˆ˜ 215ë§ŒíšŒ,2023-09-05 00:00:00
62,Who else loves tteokbokki? ğŸ˜ğŸ”¥,https://www.youtube.com/shorts/-KyNkOUkIVI,3ê°œì›” ì „,ì¡°íšŒìˆ˜ 2.8ë§ŒíšŒ,2024-04-02 00:00:00
63,24 Hour Ramen Convenience Store With No Workers ğŸœğŸ¥¢ #korea #southkorea #seoul #koreanfood,https://www.youtube.com/shorts/vLHFrCEqA7M,9ê°œì›” ì „,ì¡°íšŒìˆ˜ 1.2ì–µíšŒ,2023-10-05 00:00:00
64,spending $6.25 at a korean convenience store ğŸ¦,https://www.youtube.com/shorts/M1MedYMgyqE,1ë…„ ì „,ì¡°íšŒìˆ˜ 685ë§ŒíšŒ,2023-07-02 00:00:00
65,What i ate for meals in Korea Part 160 ğŸ‡°ğŸ‡· #Korea #lunch #KoreanFood #mukbang #Shorts,https://www.youtube.com/shorts/bYmyfutlirw,8ê°œì›” ì „,ì¡°íšŒìˆ˜ 882ë§ŒíšŒ,2023-11-04 00:00:00
66,What I Ate for Lunch at the Office in Korea Part 39 ğŸ‡°ğŸ‡· #korea #southkorea #seoul #koreanfood,https://www.youtube.com/shorts/_pRLAX0mFaU,1ë…„ ì „,ì¡°íšŒìˆ˜ 468ë§ŒíšŒ,2023-07-02 00:00:00
67,What I Ate for Lunch at the Office in Korea Part 19 ğŸ‡°ğŸ‡· #korea #southkorea #seoul #koreanfood,https://www.youtube.com/shorts/Bq83dA50jr8,2ë…„ ì „,ì¡°íšŒìˆ˜ 2059ë§ŒíšŒ,2022-07-02 00:00:00
68,Trying North Korean Food ğŸ‡°ğŸ‡µ and Rating it out of 10,https://www.youtube.com/shorts/DDsWN4HcoWQ,7ì¼ ì „,ì¡°íšŒìˆ˜ 3113ë§ŒíšŒ,2024-06-24 00:00:00
69,When a Korean and Japanese eat together ğŸŒ¯ğŸ£,https://www.youtube.com/shorts/GO9FEYjCVxo,1ë…„ ì „,ì¡°íšŒìˆ˜ 395ë§ŒíšŒ,2023-07-02 00:00:00
70,Every Korean chicken mukbang,https://www.youtube.com/shorts/G4tw50gkreo,3ë…„ ì „,ì¡°íšŒìˆ˜ 104ë§ŒíšŒ,2021-07-02 00:00:00
71,Trying new foods in KOREA for 24 hours!ğŸ‡°ğŸ‡·ğŸ«°,https://www.youtube.com/shorts/R2KF7TPJ64M,1ë…„ ì „,ì¡°íšŒìˆ˜ 142ë§ŒíšŒ,2023-07-02 00:00:00
72,"ì˜ˆì•½ì•ˆí•˜ë©´ ì¤„ì„œë„ ëª»ë¨¹ëŠ” í„°ë¯¸ë„ìƒê°€ 2ì¸µ ì¤‘êµ­ì§‘! ê³ êµ¬ë§ˆíŠ€ê¹€ì„ 2ë‹¨ìœ¼ë¡œ ìŒ“ì•„ì£¼ëŠ” ì—­ëŒ€ê¸‰ ì‚°ë”ë¯¸ ì§œì¥ë©´, í•´ë¬¼í­íƒ„ ì§¬ë½• / ê°•í™” ê¸ˆë¬¸ë„",https://www.youtube.com/watch?v=-wiRYfPpInU&pp=ygUKa29yZWEgZm9vZA%3D%3D,4ê°œì›” ì „,ì¡°íšŒìˆ˜ 26ë§ŒíšŒ,2024-03-03 00:00:00
73,Lunch of ordinary office workers in KoreağŸ‡°ğŸ‡·pt.162 #mukbang #food #koreafood #foodie #korea #seoul,https://www.youtube.com/shorts/p6Jl0oMKh-c,8ê°œì›” ì „,ì¡°íšŒìˆ˜ 604ë§ŒíšŒ,2023-11-04 00:00:00
74,Lunch of ordinary office workers in KoreağŸ‡°ğŸ‡· pt.90 #asiancuisine #korea #food #koreafood #seoul,https://www.youtube.com/shorts/1Vx7NBlwOxs,2ë…„ ì „,ì¡°íšŒìˆ˜ 673ë§ŒíšŒ,2022-07-02 00:00:00
75,ê·¹ê°•ì˜ ì«€ë“í•¨! ì½©ë‚˜ë¬¼ì€ ë¤? 17ë…„ ë¶„ì‹ì¥ì¸ì´ ë§Œë“œëŠ” ì¤„ì„œì„œë¨¹ëŠ” ì½©ë‚˜ë¬¼ ê°€ë˜ë–¡ ë–¡ë³¶ì´ / ë©´ëª©ì‹œì¥ ì˜¨ê¸°ë‹´,https://www.youtube.com/watch?v=_cCRTvUMlUM&pp=ygUKa29yZWEgZm9vZA%3D%3D,1ë…„ ì „,ì¡°íšŒìˆ˜ 1012ë§ŒíšŒ,2023-07-02 00:00:00
76,Rating Korean Yangyum Chicken and Bibimbap ğŸ˜ğŸ˜‹ | Most Expensive Korean Food ğŸ˜± | @sosaute,https://www.youtube.com/shorts/Jq5DxhICpAY,8ê°œì›” ì „,ì¡°íšŒìˆ˜ 944ë§ŒíšŒ,2023-11-04 00:00:00
77,Korean lunch in 2050ğŸ‡°ğŸ‡· #korea #food #mukbang #korean #yummy #seoul #koreanfood #tws #foodie,https://www.youtube.com/shorts/fSwdD0KHsMw,4ê°œì›” ì „,ì¡°íšŒìˆ˜ 1341ë§ŒíšŒ,2024-03-03 00:00:00
78,Must try Street Food in South Korea! ğŸ‡°ğŸ‡·,https://www.youtube.com/shorts/v-6XhUStf28,1ë…„ ì „,ì¡°íšŒìˆ˜ 5.1ë§ŒíšŒ,2023-07-02 00:00:00
79,Korean Street Egg Toast - Korean Street Food #shortsvideo,https://www.youtube.com/shorts/szUwp7uqpN8,1ë…„ ì „,ì¡°íšŒìˆ˜ 1791ë§ŒíšŒ,2023-07-02 00:00:00
80,Making Bibimbap (ë¹„ë¹”ë°¥) with our family â¤ï¸ Korean mixed rice with veggies and more!,https://www.youtube.com/shorts/JjaA1yh6TYA,3ê°œì›” ì „,ì¡°íšŒìˆ˜ 872ë§ŒíšŒ,2024-04-02 00:00:00
81,Buldak Fried Rice Hack,https://www.youtube.com/shorts/dLisW4Ssy-M,7ì¼ ì „,ì¡°íšŒìˆ˜ 1254ë§ŒíšŒ,2024-06-24 00:00:00
82,Best Korean food combinations ğŸ˜‹,https://www.youtube.com/shorts/h2ZGRg3m1A4,1ë…„ ì „,ì¡°íšŒìˆ˜ 222ë§ŒíšŒ,2023-07-02 00:00:00
83,Korean Convenience Store ğŸ•ºğŸ»,https://www.youtube.com/shorts/wD53rrW62aw,1ë…„ ì „,ì¡°íšŒìˆ˜ 1743ë§ŒíšŒ,2023-07-02 00:00:00
84,Korean food delivery is amazing - ordering black bean noodles! ğŸ”¥,https://www.youtube.com/shorts/8l45lcRhIz4,1ë…„ ì „,ì¡°íšŒìˆ˜ 1451ë§ŒíšŒ,2023-07-02 00:00:00
85,Come with me to find halal food in Seoul ğŸ˜,https://www.youtube.com/shorts/P5anqPw94pc,1ë…„ ì „,ì¡°íšŒìˆ˜ 839ë§ŒíšŒ,2023-07-02 00:00:00
86,"1ì‹œê°„ ìˆœì‚­! í‰ì†Œ ê¶ê¸ˆí–ˆë˜ ê¹¨ë—í•œ í•œêµ­ì˜ ì‹í’ˆê³µì¥(ê³¼ì¦,ì°°ë³´ë¦¬ë¹µ,ë°°ìŒ€ë¹µ,êµ¬ìš´ë–¡,ê¹€ì¹˜) ëª°ì•„ë³´ê¸° / Clean korean food factory",https://www.youtube.com/watch?v=w-Bl7pjdsU0&pp=ygUKa29yZWEgZm9vZA%3D%3D,6ê°œì›” ì „,ì¡°íšŒìˆ˜ 775ë§ŒíšŒ,2024-01-03 00:00:00
87,What I Ate for Lunch in 7/11 Korea,https://www.youtube.com/shorts/GVsFUEyfIjI,1ë…„ ì „,ì¡°íšŒìˆ˜ 476ë§ŒíšŒ,2023-07-02 00:00:00
88,Korea food tech festivalğŸ‡°ğŸ‡· #korean #korea #foodie #seoul #mukbang #foodie #food #yummy,https://www.youtube.com/shorts/Tnnq2ixvKz0,1ê°œì›” ì „,ì¡°íšŒìˆ˜ 988ë§ŒíšŒ,2024-06-01 00:00:00
89,í™˜ìƒì ì¸ ì„¤ë¹„ì™€ ì œì¡°ê³¼ì •ì˜ í•œêµ­ ì‹í’ˆê³µì¥ ëŒ€ëŸ‰ìƒì‚° ëª°ì•„ë³´ê¸° / Korea Food Factory,https://www.youtube.com/watch?v=-iiuZsG8HRc&pp=ygUKa29yZWEgZm9vZA%3D%3D,2ë…„ ì „,ì¡°íšŒìˆ˜ 307ë§ŒíšŒ,2022-07-02 00:00:00
90,What I Ate for Lunch at School in Korea Part 56 ğŸ‡°ğŸ‡· #korea #southkorea #seoul #koreanfood,https://www.youtube.com/shorts/7dhEr4kuBiw,1ë…„ ì „,ì¡°íšŒìˆ˜ 38ë§ŒíšŒ,2023-07-02 00:00:00
91,ë³´ê¸°ë§Œ í•´ë„ ê°ì¹  ë§› ë‚˜ëŠ” ì‹œì¥ ìŒì‹ ! ë‹¤ì–‘í•œ ì‹œì¥ìŒì‹ ëª°ì•„ë³´ê¸° | Korean Traditional Market Foods | Korean Street Food,https://www.youtube.com/watch?v=3kpGv-nKAqc&pp=ygUKa29yZWEgZm9vZA%3D%3D,1ë…„ ì „,ì¡°íšŒìˆ˜ 1158ë§ŒíšŒ,2023-07-02 00:00:00
92,What I Ate for Lunch at the Office in Korea Part 37 ğŸ‡°ğŸ‡· #korea #southkorea #seoul #koreanfood,https://www.youtube.com/shorts/zQfrMCL-Uz0,3ê°œì›” ì „,ì¡°íšŒìˆ˜ 110ë§ŒíšŒ,2024-04-02 00:00:00
93,Everything I Ate at Gwangjang Market in Seoul,https://www.youtube.com/shorts/cQzCIkTSIgA,1ë…„ ì „,ì¡°íšŒìˆ˜ 2880ë§ŒíšŒ,2023-07-02 00:00:00
94,CVS Brown Food Challenge at a #koreanconveniencestore ğŸ«ğŸ¤ #asmreating #korea #foodie,https://www.youtube.com/shorts/m5WNBXWxhKY,1ë…„ ì „,ì¡°íšŒìˆ˜ 458ë§ŒíšŒ,2023-07-02 00:00:00
95,Can you afford the food in South Korea? ğŸ¤¯ğŸ¤”,https://www.youtube.com/shorts/gnHdNYWRkog,4ë…„ ì „,ì¡°íšŒìˆ˜ 4796ë§ŒíšŒ,2020-07-02 00:00:00
96,ì‹œì¥ ë²„ê±° ë‹¬ì¸ - korean street food,https://www.youtube.com/shorts/SXkUyjC8h4I,2ë…„ ì „,ì¡°íšŒìˆ˜ 7707ë§ŒíšŒ,2022-07-02 00:00:00
97,Best KOREAN FOOD Tour Ever!! 33 Meals from Seoul to Busan! [Full Documentary],https://www.youtube.com/watch?v=RbpKkvlHYTw&pp=ygUKa29yZWEgZm9vZA%3D%3D,2ë…„ ì „,ì¡°íšŒìˆ˜ 2659ë§ŒíšŒ,2022-07-02 00:00:00
98,Collecting hearts in Korea like.. ğŸ’œâ¤ï¸ğŸ’–,https://www.youtube.com/shorts/DVeiPVdRh3o,1ë…„ ì „,ì¡°íšŒìˆ˜ 410ë§ŒíšŒ,2023-07-02 00:00:00
99,íƒ€ì½”ì•¼ë¼ ë‹¬ì¸ / takoyaki master famous in korea - korean street food,https://www.youtube.com/shorts/bcDEqhX0wrU,5ì¼ ì „,ì¡°íšŒìˆ˜ 370ë§ŒíšŒ,2024-06-26 00:00:00
100,"ë³´ê¸°ë§Œ í•´ë„ ì¦ê±°ìš´ ë‹¤ì–‘í•œ ì¼€ì´í¬ ë§Œë“¤ê¸°, ìš©ì¸ ë³´ì •ë™ ì¹´í˜ê±°ë¦¬ / Amazing Cake Decorating Technique - Korean Street Food",https://www.youtube.com/watch?v=-xlmBoQ4paI&pp=ygUKa29yZWEgZm9vZA%3D%3D,1ë…„ ì „,ì¡°íšŒìˆ˜ 673ë§ŒíšŒ,2023-07-02 00:00:00
101,What I Ate for Lunch at a High School in Korea Part 4 ğŸ‡°ğŸ‡·ğŸ« #korea #southkorea #seoul #koreanfood,https://www.youtube.com/shorts/F2-bSCGmgMg,2ë…„ ì „,ì¡°íšŒìˆ˜ 3006ë§ŒíšŒ,2022-07-02 00:00:00
102,ë³´ê¸°ë§Œí•´ë„ êµ°ì¹¨ë„ëŠ”?! ë§›ìˆê³  ì¸ê¸°ë§ì€ ì†Œê³ ê¸° ìš”ë¦¬ BEST 6! amazing beef dishes in Korea - Korean street food,https://www.youtube.com/watch?v=TfAA1L5TXrk&pp=ygUKa29yZWEgZm9vZA%3D%3D,10ê°œì›” ì „,ì¡°íšŒìˆ˜ 5871ë§ŒíšŒ,2023-09-05 00:00:00
103,Korean lunch in 2050ğŸ‡°ğŸ‡· #korea #food #mukbang #korean #yummy #seoul #koreanfood #tws #foodie,https://www.youtube.com/shorts/fSwdD0KHsMw,2ë…„ ì „,ì¡°íšŒìˆ˜ 230ë§ŒíšŒ,2022-07-02 00:00:00
104,Korean 7 Eleven is the bestğŸ˜#korean #korea #food,https://www.youtube.com/shorts/sYOGLQFqeUI,2ë…„ ì „,ì¡°íšŒìˆ˜ 43ë§ŒíšŒ,2022-07-02 00:00:00
105,Different types of Korean eating @byungari0904 #korean #food #tiktok  #shorts,https://www.youtube.com/shorts/02pE2tYPz5g,3ì¼ ì „,ì¡°íšŒìˆ˜ 735ë§ŒíšŒ,2024-06-28 00:00:00
106,Lunch at a Korean universityğŸ‡°ğŸ‡· -Ehwa womenâ€™s university- #koreanfood #food #foodie #school,https://www.youtube.com/shorts/twDIYR6PjeA,8ê°œì›” ì „,ì¡°íšŒìˆ˜ 2132ë§ŒíšŒ,2023-11-04 00:00:00
107,under $20 meal at the korean convenience store ğŸ¤¤,https://www.youtube.com/shorts/SLJ_VGDlPAo,3ë…„ ì „,ì¡°íšŒìˆ˜ 4186ë§ŒíšŒ,2021-07-02 00:00:00
108,What I Ate for Lunch at the Office in Korea Part 32 ğŸ‡°ğŸ‡· #korea #southkorea #seoul #koreanfood,https://www.youtube.com/shorts/BrwW3ks-JFU,1ë…„ ì „,ì¡°íšŒìˆ˜ 230ë§ŒíšŒ,2023-07-02 00:00:00
109,What I Ate for Lunch at School in Korea Part 63 ğŸ‡°ğŸ‡· #korea #seoul #mukbang #koreanfood,https://www.youtube.com/shorts/KPj0tuCHhWI,2ë…„ ì „,ì¡°íšŒìˆ˜ 2.3ë§ŒíšŒ,2022-07-02 00:00:00
110,Traditional Korean Street Food Tour at Gwangjang Market in Seoul!,https://www.youtube.com/watch?v=ljf8yxDQ1d0&pp=ygUKa29yZWEgZm9vZA%3D%3D,1ë…„ ì „,ì¡°íšŒìˆ˜ 481ë§ŒíšŒ,2023-07-02 00:00:00
111,ì‹ ë°•í•©ë‹ˆë‹¤! êµ­ë‚´ìµœì´ˆ ê³„ë€ì„ ë”±ì§€ì²˜ëŸ¼ ì ‘ì–´ì„œ ë¨¹ëŠ”? ì‹ ê°œë… ê³„ë€ì´ë¶ˆ ë”±ì§€ í† ìŠ¤íŠ¸,https://www.youtube.com/watch?v=8QQ6nlhQXyg&pp=ygUKa29yZWEgZm9vZA%3D%3D,8ê°œì›” ì „,ì¡°íšŒìˆ˜ 326ë§ŒíšŒ,2023-11-04 00:00:00
112,What i ate for meals in Korea Part 161 ğŸ‡°ğŸ‡· #Korea #lunch #KoreanFood #mukbang #Shorts,https://www.youtube.com/shorts/q5jv-_U9nz0,2ê°œì›” ì „,ì¡°íšŒìˆ˜ 40ë§ŒíšŒ,2024-05-02 00:00:00
113,25ê°€ì§€ ì§‘ë°¥ ëª¨ìŒã…£3ë…„ê°„ ë§Œë“  ì§‘ë°¥ ì¤‘ ë§›ìˆëŠ” ìš”ë¦¬ë§Œ ëª¨ì€ ì˜ìƒ,https://www.youtube.com/watch?v=SeaiInbr92k&pp=ygUKa29yZWEgZm9vZA%3D%3D,1ë…„ ì „,ì¡°íšŒìˆ˜ 1743ë§ŒíšŒ,2023-07-02 00:00:00
114,I tried North Korean food in South Korea,https://www.youtube.com/shorts/UBtBDfZevsQ,3ë…„ ì „,ì¡°íšŒìˆ˜ 448ë§ŒíšŒ,2021-07-02 00:00:00
115,Comment to Get a Gift #korea #koreanfood #lunchmenu,https://www.youtube.com/shorts/WGgzANsHQkg,1ë…„ ì „,ì¡°íšŒìˆ˜ 233ë§ŒíšŒ,2023-07-02 00:00:00
116,Lunch of ordinary office workers in KoreağŸ‡°ğŸ‡· pt.93 #korea #mukbang #korean #foodie #yummy #seoul,https://www.youtube.com/shorts/ty-m_N00SG4,1ê°œì›” ì „,ì¡°íšŒìˆ˜ 1394ë§ŒíšŒ,2024-06-01 00:00:00
117,What I Ate for Lunch at a High School in Korea Part 1 ğŸ‡°ğŸ‡·ğŸ« #korea #southkorea #seoul #koreanfood,https://www.youtube.com/shorts/BtbkIdIWtTk,1ë…„ ì „,ì¡°íšŒìˆ˜ 189ë§ŒíšŒ,2023-07-02 00:00:00
118,korean convenience store run ğŸ˜‹,https://www.youtube.com/shorts/UIvgD-RuYsY,1ê°œì›” ì „,ì¡°íšŒìˆ˜ 2880ë§ŒíšŒ,2024-06-01 00:00:00
119,When you are eating food with a Korean,https://www.youtube.com/shorts/YrRUoSM42is,10ê°œì›” ì „,ì¡°íšŒìˆ˜ 110ë§ŒíšŒ,2023-09-05 00:00:00
120,What I Ate for Lunch at the Office in Korea Part 26 ğŸ‡°ğŸ‡· #korea #southkorea #seoul #koreanfood,https://www.youtube.com/shorts/EVRLYLATDNs,6ë…„ ì „,ì¡°íšŒìˆ˜ 572ë§ŒíšŒ,2018-07-03 00:00:00
121,ì‹œì¥ ë²„ê±° ë‹¬ì¸ - korean street food,https://www.youtube.com/shorts/SXkUyjC8h4I,1ë…„ ì „,ì¡°íšŒìˆ˜ 192ë§ŒíšŒ,2023-07-02 00:00:00
122,Korean Street FoodğŸ”ğŸ‡°ğŸ‡· #streetfood #korea #movie,https://www.youtube.com/shorts/6JwnlUnbPlk,3ë…„ ì „,ì¡°íšŒìˆ˜ 91ë§ŒíšŒ,2021-07-02 00:00:00
123,ë©ë•Œë¦¬ê³  ë³´ëŠ” ì¬ë¯¸ìˆëŠ” ìŒì‹ ë§Œë“œëŠ” ì˜ìƒ ëª°ì•„ë³´ê¸°! [ASMR],https://www.youtube.com/watch?v=w6GnjgP3-0A&pp=ygUKa29yZWEgZm9vZA%3D%3D,8ì¼ ì „,ì¡°íšŒìˆ˜ 5402ë§ŒíšŒ,2024-06-23 00:00:00
124,korean street food tour || gwangjang market in seoul ~ PT 1,https://www.youtube.com/shorts/-oxf9lUTTvY,1ë…„ ì „,ì¡°íšŒìˆ˜ 983ë§ŒíšŒ,2023-07-02 00:00:00
125,20 BEST Korean Cheap Eats in Seoul South Korea,https://www.youtube.com/watch?v=CRYd-KJtpV8&pp=ygUKa29yZWEgZm9vZA%3D%3D,2ì£¼ ì „,ì¡°íšŒìˆ˜ 257ë§ŒíšŒ,2024-06-17 00:00:00
126,Lunch at a Korean university -sungshin womenâ€™s university- ì„±ì‹ ì—¬ëŒ€í•™ì‹ #food #foodinkorea #koreanfood,https://www.youtube.com/shorts/WbvFptFghho,3ë…„ ì „,ì¡°íšŒìˆ˜ 905ë§ŒíšŒ,2021-07-02 00:00:00
127,ì¸ê¸° ë§ì€ ì˜›ë‚ í†µë‹­ ëª°ì•„ë³´ê¸° BEST 5 / korean original fried chicken / korean street food,https://www.youtube.com/watch?v=VvADdfX1iz8&pp=ygUKa29yZWEgZm9vZA%3D%3D,10ê°œì›” ì „,ì¡°íšŒìˆ˜ 22ë§ŒíšŒ,2023-09-05 00:00:00
128,"ìš”ë¦¬ ë¨¹ë°© :)ë‹­ê°ˆë¹„ì— ì¹˜ì¦ˆ ë³¶ìŒë°¥ì´ ë¹ ì§ˆ ìˆœì—†ì§€~, íŒŒì±„ë¬´ì¹¨, ë§ˆì¹´ë¡œë‹ˆ ìƒëŸ¬ë“œ. korean food mukbang.",https://www.youtube.com/watch?v=eljQa61FbQw&pp=ygUKa29yZWEgZm9vZA%3D%3D,1ë…„ ì „,ì¡°íšŒìˆ˜ 429ë§ŒíšŒ,2023-07-02 00:00:00
129,"í–„ì§€ë„¤ ë°±ë°˜â˜†ê¹€ì¹˜ì°Œê°œ,ì–´ë¬µë³¶ìŒ,ì´ê°ê¹€ì¹˜,ê¹€êµ¬ì´,í–„,ê³„ë€í›„ë¼ì´ã…£Korean Home mealã…£Real Mukbangã…£",https://www.youtube.com/watch?v=f6NigurDekg&pp=ygUKa29yZWEgZm9vZA%3D%3D,1ë…„ ì „,ì¡°íšŒìˆ˜ 1385ë§ŒíšŒ,2023-07-02 00:00:00
130,Amazing Korean  Famous Food Videos Collection - Korean Street Food / ë†€ë¼ìš´ í•œêµ­ ìœ ëª… ìŒì‹ ëª°ì•„ë³´ê¸°,https://www.youtube.com/watch?v=wEDJSLPLrYc&pp=ygUKa29yZWEgZm9vZA%3D%3D,5ê°œì›” ì „,ì¡°íšŒìˆ˜ 988ë§ŒíšŒ,2024-02-02 00:00:00
131,Letâ€™s Eat Korean Food ğŸ± ğŸ¥¢ #shorts #youtubeshorts #food #koreanfood,https://www.youtube.com/shorts/NTfxBmbFGbU,1ê°œì›” ì „,ì¡°íšŒìˆ˜ 5.2ë§ŒíšŒ,2024-06-01 00:00:00
132,another lunch at a japanese convenience store,https://www.youtube.com/shorts/JtlNI8U8OVM,1ë…„ ì „,ì¡°íšŒìˆ˜ 1.3ì–µíšŒ,2023-07-02 00:00:00
133,What I Ate for Lunch at the Office in Korea Part 36 ğŸ‡°ğŸ‡· #korea #southkorea #seoul #koreanfood,https://www.youtube.com/shorts/t_qRBEHLdcI,1ë…„ ì „,ì¡°íšŒìˆ˜ 241ë§ŒíšŒ,2023-07-02 00:00:00
134,$1 food from the korean convenience store! #shorts,https://www.youtube.com/shorts/3CqsZYn5Ouw,1ê°œì›” ì „,ì¡°íšŒìˆ˜ 106ë§ŒíšŒ,2024-06-01 00:00:00
135,CHALLENGE KOREA: BATTLE OF K-FOOD,https://www.youtube.com/watch?v=d95A1xJ4yqM&pp=ygUKa29yZWEgZm9vZA%3D%3D,1ë…„ ì „,ì¡°íšŒìˆ˜ 438ë§ŒíšŒ,2023-07-02 00:00:00
136,í•«ë„ê·¸ê³µì¥ ëŒ€ëŸ‰ìƒì‚° í˜„ì¥! ì „êµ­ íœ´ê²Œì†Œë§Œ 119ê³³ ë‚©í’ˆ?! í•´ì™¸ë¡œ ìˆ˜ì¶œê¹Œì§€ í•˜ëŠ” ê²‰ë°”ì†ì´‰ í•«ë„ê·¸ ì¸„ëŸ¬ìŠ¤,https://www.youtube.com/watch?v=lKjrmiZXgBs&pp=ygUKa29yZWEgZm9vZA%3D%3D,1ë…„ ì „,ì¡°íšŒìˆ˜ 1860ë§ŒíšŒ,2023-07-02 00:00:00
137,Trying KOREAN McDonald's in Seoul South Korea ğŸ”ğŸŸğŸ¦,https://www.youtube.com/shorts/3JOMGmqSNIA,2ì¼ ì „,ì¡°íšŒìˆ˜ 373ë§ŒíšŒ,2024-06-29 00:00:00
138,"Americans Try Korean Street Food For The First Time! (Tteokbokki, Gimbap, Gamja-HotDog)",https://www.youtube.com/watch?v=RJmSvbTJcwA&pp=ygUKa29yZWEgZm9vZA%3D%3D,1ë…„ ì „,ì¡°íšŒìˆ˜ 1743ë§ŒíšŒ,2023-07-02 00:00:00
139,"ë¨¹ê±°ë¦¬ ëíŒì™•! ì¤„ì„œì„œ ë¨¹ëŠ” ì„¸ì¢… ì „í†µì‹œì¥ ë–¡ë³¶ì´, í†µë‹­, í˜¸ë–¡ ê¸¸ê±°ë¦¬ìŒì‹ ëª°ì•„ë³´ê¸° TOP3 / Traditional Market Food / Korean Street Food",https://www.youtube.com/watch?v=wJneAJM6noY&pp=ygUKa29yZWEgZm9vZA%3D%3D,2ë…„ ì „,ì¡°íšŒìˆ˜ 476ë§ŒíšŒ,2022-07-02 00:00:00
140,Korean Street Food After Dark!! The Freaks Come Out At Night!!,https://www.youtube.com/watch?v=x76t-l69_6E&pp=ygUKa29yZWEgZm9vZA%3D%3D,4ê°œì›” ì „,ì¡°íšŒìˆ˜ 802ë§ŒíšŒ,2024-03-03 00:00:00
141,Lunch of ordinary office workers in KoreağŸ‡°ğŸ‡· pt.93 #korea #mukbang #korean #foodie #yummy #seoul,https://www.youtube.com/shorts/ty-m_N00SG4,9ê°œì›” ì „,ì¡°íšŒìˆ˜ 317ë§ŒíšŒ,2023-10-05 00:00:00
142,POV: you're craving Korean street food ğŸ¤¤ğŸ”¥,https://www.youtube.com/shorts/iD1vbafy7UU,1ë…„ ì „,ì¡°íšŒìˆ˜ 681ë§ŒíšŒ,2023-07-02 00:00:00
143,"ë°¥ë„ë‘‘ íŠ¹ì§‘â˜†êµ´ë¹„êµ¬ì´,ê³„ë€ì¥,ì˜¤ì´ì§€,ê°“ê¹€ì¹˜ã…£Grilled Fish Set Home mealã…£Real Mukbangã…£",https://www.youtube.com/watch?v=xVmoVVF_iBU&pp=ygUKa29yZWEgZm9vZA%3D%3D,6ê°œì›” ì „,ì¡°íšŒìˆ˜ 302ë§ŒíšŒ,2024-01-03 00:00:00
144,$13 VS $810 Korean BBQ!! Korea Has The NEW Wagyu!!,https://www.youtube.com/watch?v=z9r9nT8_ND8&pp=ygUKa29yZWEgZm9vZA%3D%3D,3ë…„ ì „,ì¡°íšŒìˆ˜ 4.5ë§ŒíšŒ,2021-07-02 00:00:00
145,í•œêµ­ì—ì„œ ì¸ê¸°ìˆëŠ” ê¸¸ê±°ë¦¬ ìŒì‹ ëª°ì•„ë³´ê¸°! / popular korean street food video collection!,https://www.youtube.com/watch?v=4UEi2oJimKg&pp=ygUKa29yZWEgZm9vZA%3D%3D,1ë…„ ì „,ì¡°íšŒìˆ˜ 123ë§ŒíšŒ,2023-07-02 00:00:00
146,EATING ONLY KOREAN FOOD CHALLENGE #shorts #mukbang #food,https://www.youtube.com/shorts/LZkjBiCXPu4,8ê°œì›” ì „,ì¡°íšŒìˆ˜ 175ë§ŒíšŒ,2023-11-04 00:00:00
147,í•´ì™¸ SNSì—ì„œ ìœ í–‰ ì¤‘ì¸ í•œêµ­ìŒì‹,https://www.youtube.com/shorts/k7Bwgu08FTo,1ë…„ ì „,ì¡°íšŒìˆ˜ 10ë§ŒíšŒ,2023-07-02 00:00:00
148,í•˜ë£¨ 5000ê°œ ëŒ€ëŸ‰ìƒì‚°! ê¼­ë‘ìƒˆë²½ë¶€í„° ë§Œë“œëŠ” ì •ì„±ê°€ë“í•œ ë–¡ê°ˆë¹„ íƒ•ìˆ˜ìœ¡ ë„ì‹œë½ ì‹í’ˆ ê³µì¥ ìƒìƒí•œ í˜„ì¥ / Lunch Box Factory / Korean Street Food,https://www.youtube.com/watch?v=07Bf0guzLYk&pp=ygUKa29yZWEgZm9vZA%3D%3D,10ê°œì›” ì „,ì¡°íšŒìˆ˜ 66ë§ŒíšŒ,2023-09-05 00:00:00
149,Eating the BEST KOREAN STREET FOOD in SEOUL,https://www.youtube.com/watch?v=zPuLGkluoTY&pp=ygUKa29yZWEgZm9vZA%3D%3D,2ì¼ ì „,ì¡°íšŒìˆ˜ 1080ë§ŒíšŒ,2024-06-29 00:00:00
150,"24 Hours of KOREAN STREET FOOD in Seoul ğŸ‡°ğŸ‡· Tteokbokki, Gomtang, Hotteok & More!!",https://www.youtube.com/watch?v=KwSQ1t0FIks&pp=ygUKa29yZWEgZm9vZA%3D%3D,4ì£¼ ì „,ì¡°íšŒìˆ˜ 635ë§ŒíšŒ,2024-06-03 00:00:00
151,Try Korean pizza next time! #koreanfood #korea #food #delivery #asmr #mukbang,https://www.youtube.com/shorts/-4sI3jBgHkI,2ë…„ ì „,ì¡°íšŒìˆ˜ 4935ë§ŒíšŒ,2022-07-02 00:00:00
152,"ì‹ ê¸°í•œ ëŒ€ëŸ‰ìƒì‚° ê³¼ì •! í‰ì†Œì— ë³´ê¸°í˜ë“  ë„ì‹œë½ê³µì¥ë¶€í„° ê¹€ì¹˜, ê³¼ì, ì¼€ì´í¬ê³µì¥ ì˜ìƒ ëª°ì•„ë³´ê¸° / Amazing Food Factory / Korean Street Food",https://www.youtube.com/watch?v=i5wiapvQYvU&pp=ygUKa29yZWEgZm9vZA%3D%3D,8ê°œì›” ì „,ì¡°íšŒìˆ˜ 2560ë§ŒíšŒ,2023-11-04 00:00:00
153,í•œêµ­ ë¶„ì‹ì„ ì²˜ìŒ ë¨¹ì–´ë³¸ ì˜êµ­ ì¶•êµ¬ì„ ìˆ˜ë“¤ì˜ ë°˜ì‘!?,https://www.youtube.com/watch?v=1FP57skH7Q4&pp=ygUKa29yZWEgZm9vZA%3D%3D,1ë…„ ì „,ì¡°íšŒìˆ˜ 428ë§ŒíšŒ,2023-07-02 00:00:00
154,ASMR MUKBANG ì§ì ‘ ë§Œë“  ì–‘ë… ì¹˜í‚¨ë¨¹ë°©! ìŠ¤í…Œì´í¬ ì§œíŒŒê²Œí‹° ë ˆì‹œí”¼ & ë¨¹ë°© FRIED CHICKEN AND BLACK BEAN NOODLES EATING SOUND!,https://www.youtube.com/watch?v=vXp3IzESmnw&pp=ygUKa29yZWEgZm9vZA%3D%3D,1ë…„ ì „,ì¡°íšŒìˆ˜ 27ë§ŒíšŒ,2023-07-02 00:00:00
155,ì´ë¥¸ ì•„ì¹¨ ë”± 3ì‹œê°„ë§Œ ì¥ì‚¬í•˜ê³  ì‚¬ë¼ì§€ëŠ” ê¸¸ê±°ë¦¬ í† ìŠ¤íŠ¸ ë‹¬ì¸?! ëª…ë™ í‘¸ë“œíŠ¸ëŸ­ í–„ë²„ê±° í† ìŠ¤íŠ¸,https://www.youtube.com/watch?v=iJl014n1i-Q&pp=ygUKa29yZWEgZm9vZA%3D%3D,6ê°œì›” ì „,ì¡°íšŒìˆ˜ 2936ë§ŒíšŒ,2024-01-03 00:00:00
156,"ì—°ë§¤ì¶œ 100ì–µ! í•˜ë£¨ì†ë‹˜ ìµœëŒ€ 1200ëª…? ì—­ëŒ€ê¸‰ ê·œëª¨ì™€ ì¸ê¸°, ì „êµ­ ìµœì´ˆ í‚¤ì¡°ê°œ ì‚¼í•©ì§‘",https://www.youtube.com/watch?v=_Nttw_gt11c&pp=ygUKa29yZWEgZm9vZA%3D%3D,10ê°œì›” ì „,ì¡°íšŒìˆ˜ 604ë§ŒíšŒ,2023-09-05 00:00:00
157,ë³´ê¸°ë§Œí•´ë„ íë§ë˜ëŠ” í•œêµ­ ê¸¸ê±°ë¦¬ìŒì‹ ëª°ì•„ë³´ê¸° / 2 hour healing video - Korean Street Food Compilation,https://www.youtube.com/watch?v=qvpqK4K2gyM&pp=ygUKa29yZWEgZm9vZA%3D%3D,5ê°œì›” ì „,ì¡°íšŒìˆ˜ 893ë§ŒíšŒ,2024-02-02 00:00:00
158,"Eating Challenge ( 8 Chicken Legpiece, 2kg Ramen ) | #asmr #food #quickeating",https://www.youtube.com/shorts/WwLR3wKmAJY,2ë…„ ì „,ì¡°íšŒìˆ˜ 1273ë§ŒíšŒ,2022-07-02 00:00:00
159,Korean Corn Dog Review ğŸ˜ | Rating Korean Street Food ğŸ˜± | @sosaute #shorts,https://www.youtube.com/shorts/PGkjBCeyg7E,6ê°œì›” ì „,ì¡°íšŒìˆ˜ 391ë§ŒíšŒ,2024-01-03 00:00:00
160,"Best Korea Street Food in Seoul, Myeongdong District",https://www.youtube.com/watch?v=dbofhUfQ1p4&pp=ygUKa29yZWEgZm9vZA%3D%3D,1ë…„ ì „,ì¡°íšŒìˆ˜ 254ë§ŒíšŒ,2023-07-02 00:00:00
161,"ì „êµ­ ê¸¸ê±°ë¦¬ ìŒì‹ ë‹¬ì¸ TOP 10 / TOP 10, Amazing! Korean Street Food Masters",https://www.youtube.com/watch?v=ts687oRlO-0&pp=ygUKa29yZWEgZm9vZA%3D%3D,5ì¼ ì „,ì¡°íšŒìˆ˜ 60ë§ŒíšŒ,2024-06-26 00:00:00
162,"ì–‘ë§ì€ ì‹œì¥ ë‹­ê°•ì •, ìƒˆìš°ê°•ì • / sweet and sour chicken - korean street food",https://www.youtube.com/watch?v=Wwd27Tl3CL0&pp=ygUKa29yZWEgZm9vZA%3D%3D,8ì¼ ì „,ì¡°íšŒìˆ˜ 2383ë§ŒíšŒ,2024-06-23 00:00:00
163,ì˜¤ì§•ì–´ìˆœëŒ€ ëŒ€ëŸ‰ìƒì‚° í˜„ì¥! ë‹¤ì–‘í•œ ì¬ë£Œë¡œ ì†ì„ ê½‰ ì±„ìš´ ì†ì´ˆëª…ë¬¼ ì˜¤ì§•ì–´ìˆœëŒ€ ë§Œë“œëŠ” ê³¼ì •,https://www.youtube.com/watch?v=xqdwOTLw2EE&pp=ygUKa29yZWEgZm9vZA%3D%3D,2ë…„ ì „,ì¡°íšŒìˆ˜ 382ë§ŒíšŒ,2022-07-02 00:00:00
164,[FRK with NewJeans]  Koreansâ€™ Korea: K-Food_30s #Koreans_Korea #K-food #VisitKoreaYear,https://www.youtube.com/watch?v=Y3Vc8IVSOA8&pp=ygUKa29yZWEgZm9vZA%3D%3D,5ì¼ ì „,ì¡°íšŒìˆ˜ 1103ë§ŒíšŒ,2024-06-26 00:00:00
165,"í‘¸ì§í•¨ì´ ì—­ëŒ€ê¸‰! í•˜ë£¨ 100ê°œì”© íŒ”ë¦¬ëŠ” ë¯¸ì¹œ í€„ë¦¬í‹° ì¼ë³¸ì‹ ì¹˜í‚¨ë²„ê±°, ìŠ¤í…Œì´í¬ ë²„ê±° Japanese chicken & steak burger - Korean street food",https://www.youtube.com/watch?v=1WEJKNSHD4s&pp=ygUKa29yZWEgZm9vZA%3D%3D,1ë…„ ì „,ì¡°íšŒìˆ˜ 1689ë§ŒíšŒ,2023-07-02 00:00:00
166,"20íŒì”© íŒ”ë¦¬ëŠ” ëŒ€íŒŒ ë–¡ë³¶ì´, 12ê°€ì§€ ê¹€ë°¥, ëŒ€ì™• ê¹€ë§ì´ / The Most Popular Korean Snack! Tteokbokki - Korean Food",https://www.youtube.com/watch?v=x0JCP4BqoVQ&pp=ygUKa29yZWEgZm9vZA%3D%3D,1ê°œì›” ì „,ì¡°íšŒìˆ˜ 3613ë§ŒíšŒ,2024-06-01 00:00:00
167,Must Try Before You Die!! Koreaâ€™s TOP 50 Street Foods!!,https://www.youtube.com/watch?v=-WSrY-xH5pI&pp=ygUKa29yZWEgZm9vZA%3D%3D,2ë…„ ì „,ì¡°íšŒìˆ˜ 1.3ì–µíšŒ,2022-07-02 00:00:00
168,í¥ë¯¸ë¡­ê³  ìƒìƒí•œ ìˆ˜ì‚°ë¬¼ ê°€ê³µê³µì¥ê³¼ ì „ë¬¸ì‹ë‹¹ ëª°ì•„ë³´ê¸° / Korean seafood processing plant - Seafood restaurant,https://www.youtube.com/watch?v=uHoyk_4qlYY&pp=ygUKa29yZWEgZm9vZA%3D%3D,3ë…„ ì „,ì¡°íšŒìˆ˜ 1977ë§ŒíšŒ,2021-07-02 00:00:00
169,South Korean VS North Korean,https://www.youtube.com/shorts/ms0zzZtz_4c,3ê°œì›” ì „,ì¡°íšŒìˆ˜ 138ë§ŒíšŒ,2024-04-02 00:00:00
170,CHALLENGE KOREA: BATTLE OF K-FOOD,https://www.youtube.com/watch?v=d95A1xJ4yqM&pp=ygUKa29yZWEgZm9vZA%3D%3D,4ì£¼ ì „,ì¡°íšŒìˆ˜ 481ë§ŒíšŒ,2024-06-03 00:00:00
171,í•œêµ­ ë¶„ì‹ì„ ì²˜ìŒ ë¨¹ì–´ë³¸ ì˜êµ­ ê³ ë“±í•™ìƒë“¤ì˜ ë°˜ì‘?!,https://www.youtube.com/watch?v=AZxZIUQHx5Q&pp=ygUKa29yZWEgZm9vZA%3D%3D,3ì¼ ì „,ì¡°íšŒìˆ˜ 365ë§ŒíšŒ,2024-06-28 00:00:00
172,Mexican Dads Try Korean Food,https://www.youtube.com/watch?v=1mi1cGN8s74&pp=ygUKa29yZWEgZm9vZA%3D%3D,1ë…„ ì „,ì¡°íšŒìˆ˜ 131ë§ŒíšŒ,2023-07-02 00:00:00
173,25ê°€ì§€ ì§‘ë°¥ ëª¨ìŒã…£3ë…„ê°„ ë§Œë“  ì§‘ë°¥ ì¤‘ ë§›ìˆëŠ” ìš”ë¦¬ë§Œ ëª¨ì€ ì˜ìƒ,https://www.youtube.com/watch?v=SeaiInbr92k&pp=ygUKa29yZWEgZm9vZA%3D%3D,1ë…„ ì „,ì¡°íšŒìˆ˜ 12ë§ŒíšŒ,2023-07-02 00:00:00
174,"ğŸ‡°ğŸ‡·24 HOURS â‚¹300 KOREAN FOOD CHALLENGE | cvs, Korea vlog âœ¨",https://www.youtube.com/watch?v=STLpI_FiZ6E&pp=ygUKa29yZWEgZm9vZA%3D%3D,1ë…„ ì „,ì¡°íšŒìˆ˜ 264ë§ŒíšŒ,2023-07-02 00:00:00
175,German Girl tries the best food spots in Korea (Seoul),https://www.youtube.com/watch?v=W1SdyPGm8cI&pp=ygUKa29yZWEgZm9vZA%3D%3D,9ê°œì›” ì „,ì¡°íšŒìˆ˜ 1102ë§ŒíšŒ,2023-10-05 00:00:00
176,Lunch of ordinary office worker in Korea ğŸ‡°ğŸ‡·Pt.147 #koreanfood #korean #southkorea #mukbang,https://www.youtube.com/shorts/Ea53hvoJxE0,2ë…„ ì „,ì¡°íšŒìˆ˜ 2017ë§ŒíšŒ,2022-07-02 00:00:00
177,"ì¹˜í‚¨ì˜ ì„±ì§€! ì¤„ì„œì„œ ë¨¹ëŠ” ë§ì›ì‹œì¥ ì¹˜í‚¨, ë‹­ê°•ì •, í†µë‹­, ê¸¸ê±°ë¦¬ìŒì‹ / Crispy Spicy chicken Dakgangjung  / Korean Street food",https://www.youtube.com/watch?v=ReGOAG4z3w0&pp=ygUKa29yZWEgZm9vZA%3D%3D,1ë…„ ì „,ì¡°íšŒìˆ˜ 42ë§ŒíšŒ,2023-07-02 00:00:00
178,"TOP 10, ë†€ë¼ìš´ ê¸°ìˆ ê³¼, ë¹„ì¥¬ì–¼ ê°‘ ë””ì €íŠ¸ ëª¨ìŒ BEST / TOP 10, Best Delicious Korean Desserts - Korean street food",https://www.youtube.com/watch?v=3EapcrXKht0&pp=ygUKa29yZWEgZm9vZA%3D%3D,2ë…„ ì „,ì¡°íšŒìˆ˜ 578ë§ŒíšŒ,2022-07-02 00:00:00
179,"At Korean convenience stores, you can eat rabokki without having to prepare ingredients one by one",https://www.youtube.com/shorts/5I3kGV6_FIA,2ë…„ ì „,ì¡°íšŒìˆ˜ 335ë§ŒíšŒ,2022-07-02 00:00:00
180,Only Eating Korean Street Food (Jeju Edition),https://www.youtube.com/shorts/gM4isQN3YeY,1ë…„ ì „,ì¡°íšŒìˆ˜ 2.6ì²œíšŒ,2023-07-02 00:00:00
181,the holy trinity of korean street food,https://www.youtube.com/shorts/E52sSgZlgYs,1ë…„ ì „,ì¡°íšŒìˆ˜ 522ë§ŒíšŒ,2023-07-02 00:00:00
182,"Delicious Spicy Seafood Stew in Busan, South Korea ğŸ‡°ğŸ‡· | Sakshma Srivastav",https://www.youtube.com/shorts/fSFg2PenETs,1ë…„ ì „,ì¡°íšŒìˆ˜ 206ë§ŒíšŒ,2023-07-02 00:00:00
183,ì„œìš¸ì—ì„œ ë¨¹ì–´ë³¸ ì¹¼êµ­ìˆ˜ ì° ë§›ì§‘ #shorts #koreanfood #koreafood #asianfood #asiafood #ì„œìš¸ë§›ì§‘,https://www.youtube.com/shorts/LJOyxSsm4vs,2ê°œì›” ì „,ì¡°íšŒìˆ˜ 497ë§ŒíšŒ,2024-05-02 00:00:00
184,"ì…ì—ì„œ ì‚´ì‚´ ë…¹ëŠ” í•­ì •ì‚´ìˆ˜ìœ¡ â˜† êµ´ë¬´ì¹¨,ë§‰ê±¸ë¦¬ã…£Suyuk & Gul-muchimã…£Real Mukbangã…£",https://www.youtube.com/watch?v=CWUQFSN4MgI&pp=ygUKa29yZWEgZm9vZA%3D%3D,1ë…„ ì „,ì¡°íšŒìˆ˜ 95ë§ŒíšŒ,2023-07-02 00:00:00
185,ë°˜ì£¼í•˜ë ¤ë‹¤ ë§Œì·¨í•˜ê³  ê°€ëŠ” ê³ ê¸° ë§›ì§‘! 6ê³³ ì˜ìƒ ëª°ì•„ë³´ê¸° / Real Korean style BBQ! / Korean street food,https://www.youtube.com/watch?v=2nAjDDifrUE&pp=ygUKa29yZWEgZm9vZA%3D%3D,2ë…„ ì „,ì¡°íšŒìˆ˜ 1302ë§ŒíšŒ,2022-07-02 00:00:00
186,ğŸ‡°ğŸ‡·24 HOURS KOREAN FOOD CHALLENGE | Pooh in Italy ğŸ’•,https://www.youtube.com/watch?v=Wfqsqc4MELI&pp=ygUKa29yZWEgZm9vZA%3D%3D,1ë…„ ì „,ì¡°íšŒìˆ˜ 333ë§ŒíšŒ,2023-07-02 00:00:00
187,ğŸ¥—ğŸœ ğŸ‡°ğŸ‡·KoreanğŸ‡°ğŸ‡· Food TikTok Compilation ğŸ²ğŸ› P4,https://www.youtube.com/watch?v=Y2NOYIyyU18&pp=ygUKa29yZWEgZm9vZA%3D%3D,2ì¼ ì „,ì¡°íšŒìˆ˜ 1479ë§ŒíšŒ,2024-06-29 00:00:00
188,Jungkook Golden FOOD ASMR ğŸ¯ğŸ« #cutelife #shorts,https://www.youtube.com/shorts/g23DdBEvn9Y,7ê°œì›” ì „,ì¡°íšŒìˆ˜ 562ë§ŒíšŒ,2023-12-04 00:00:00
189,í•œêµ­ ì•¼êµ¬ì¥ ìŒì‹ì„ ì²˜ìŒ ë¨¹ì–´ë³¸ ë¯¸êµ­ MLB ì•¼êµ¬ ì„ ìˆ˜ë“¤ì˜ ë°˜ì‘ì€?!?,https://www.youtube.com/watch?v=VtU-KxlGxiY&pp=ygUKa29yZWEgZm9vZA%3D%3D,2ì¼ ì „,ì¡°íšŒìˆ˜ 257ë§ŒíšŒ,2024-06-29 00:00:00
190,Eating only CONVENIENCE STORE FOODS (CVS) in KOREA || 24 HOUR Ramen STORE,https://www.youtube.com/watch?v=_-4p0t_cCcw&pp=ygUKa29yZWEgZm9vZA%3D%3D,3ì¼ ì „,ì¡°íšŒìˆ˜ 18ë§ŒíšŒ,2024-06-28 00:00:00
191,ì‹í˜€ì•¼ ì œ ë§›! ì¤„ì„œì„œ ë¨¹ëŠ” ê°€ë§ˆì†¥ ê³ ì¶” ë‹­ê°•ì • / Sweet & Spicy! Korean Fried Chicken - Korean Food,https://www.youtube.com/watch?v=fFaEIQacPCo&pp=ygUKa29yZWEgZm9vZA%3D%3D,1ê°œì›” ì „,ì¡°íšŒìˆ˜ 199ë§ŒíšŒ,2024-06-01 00:00:00
192,"ìš”ë¦¬ ë¨¹ë°© :)ë‹­ê°ˆë¹„ì— ì¹˜ì¦ˆ ë³¶ìŒë°¥ì´ ë¹ ì§ˆ ìˆœì—†ì§€~, íŒŒì±„ë¬´ì¹¨, ë§ˆì¹´ë¡œë‹ˆ ìƒëŸ¬ë“œ. korean food mukbang.",https://www.youtube.com/watch?v=eljQa61FbQw&pp=ygUKa29yZWEgZm9vZA%3D%3D,3ê°œì›” ì „,ì¡°íšŒìˆ˜ 106ë§ŒíšŒ,2024-04-02 00:00:00
193,what i eat in a week in korea,https://www.youtube.com/watch?v=Ylx4knDgkcc&pp=ygUKa29yZWEgZm9vZA%3D%3D,1ë…„ ì „,ì¡°íšŒìˆ˜ 242ë§ŒíšŒ,2023-07-02 00:00:00
194,ì§¬ë½• íƒ•ìˆ˜ìœ¡ ì—†ëŠ” ì¤‘êµ­ì§‘? ì˜¤ì§ 250ë„ ëŒíŒ ì§œì¥ë©´ í•˜ë‚˜ë¡œ ìŠ¹ë¶€í•´ ì´ˆëŒ€ë°•ë‚œ ëŒì§œì¥ ì¤‘êµ­ì§‘,https://www.youtube.com/watch?v=S8uGh8yqKUI&pp=ygUKa29yZWEgZm9vZA%3D%3D,1ë…„ ì „,ì¡°íšŒìˆ˜ 3115ë§ŒíšŒ,2023-07-02 00:00:00
195,Eating at Street Markets In South Korea + Everyone Loves Story!,https://www.youtube.com/watch?v=9ox2wsk15-w&pp=ygUKa29yZWEgZm9vZA%3D%3D,1ë…„ ì „,ì¡°íšŒìˆ˜ 437ë§ŒíšŒ,2023-07-02 00:00:00
196,"ì•„ë‚Œì—†ì´ ë„£ì—ˆìŠµë‹ˆë‹¤! ê°€ì„±ë¹„ ì¢‹ì€ ! í•´ì‚°ë¬¼ ìš”ë¦¬ ëª°ì•„ë³´ê¸° | Delicious seafood dishes, Sashimi, King crab | Korean Street food",https://www.youtube.com/watch?v=idAwBwniC0I&pp=ygUKa29yZWEgZm9vZA%3D%3D,1ë…„ ì „,ì¡°íšŒìˆ˜ 2283ë§ŒíšŒ,2023-07-02 00:00:00
197,ì²˜ìŒ ê¹€ë°¥ì„ ë¨¹ì–´ë³¸ ì–´ë²¤ì ¸ìŠ¤ ë°°ìš°ë“¤ì˜ ë°˜ì‘?! (ì‹¤í™”),https://www.youtube.com/watch?v=KKWNnKhGjWA&pp=ygUKa29yZWEgZm9vZA%3D%3D,11ê°œì›” ì „,ì¡°íšŒìˆ˜ 7.2ì²œíšŒ,2023-08-06 00:00:00
198,"íŒ”ë¦¬ëŠ” ì–‘ì´ ì—­ëŒ€ê¸‰! ì•„ì¹¨ë¶€í„° ì¤„ì„œì„œ ë¨¹ëŠ”? ë–¡ë³¶ì´, ìˆœëŒ€, íŠ€ê¹€ ê¸¸ê±°ë¦¬ìŒì‹ ëª°ì•„ë³´ê¸° / spicy rice cake Tteokbokki / Korean Street Food",https://www.youtube.com/watch?v=2FVd-O4Ye40&pp=ygUKa29yZWEgZm9vZA%3D%3D,2ì¼ ì „,ì¡°íšŒìˆ˜ 97ë§ŒíšŒ,2024-06-29 00:00:00
199,ë¦¬ì–¼ë¨¹ë°©:) í–„ì§€'s ìš”ë¦¬ëª¨ìŒğŸ”ª 2íƒ„!!!ã…£PART 2â˜…HAMZYâ€™s Cooking COMPILATIONS ã…£REAL SOUNDã…£ASMR MUKBANGã…£EATING SHOWã…£,https://www.youtube.com/watch?v=WWw5kw2kbW8&pp=ygUKa29yZWEgZm9vZA%3D%3D,1ë…„ ì „,ì¡°íšŒìˆ˜ 1.7ë§ŒíšŒ,2023-07-02 00:00:00
200,ë‹¤ì´ì–´íŠ¸ ë ˆì‹œí”¼ #í›ˆì œì˜¤ë¦¬ #ë ˆì‹œí”¼ #korea #food #cooking #diat #ìì·¨ìš”ë¦¬ #ì§‘ë°¥ #ìš”ë¦¬ #éŸ“å›½æ–™ç† #ãƒ€ã‚¤ã‚¨ãƒƒãƒˆ #shorts,https://www.youtube.com/shorts/mUQCLJkdHlc,2ë…„ ì „,ì¡°íšŒìˆ˜ 234ë§ŒíšŒ,2022-07-02 00:00:00
201,"Everything We Ate in Seoul, Part 2: Myeongdong Street Food â€¢ #Shorts #Travel #Foodie",https://www.youtube.com/shorts/Sn0I1HxhMW0,1ë…„ ì „,ì¡°íšŒìˆ˜ 1827ë§ŒíšŒ,2023-07-02 00:00:00
202,"KOREAN STREET FOOD TOUR in Seoul, South Korea!",https://www.youtube.com/watch?v=DrKB7JDlthg&pp=ygUKa29yZWEgZm9vZA%3D%3D,2ë…„ ì „,ì¡°íšŒìˆ˜ 327ë§ŒíšŒ,2022-07-02 00:00:00
203,ğŸ‡°ğŸ‡· Can I find Halal food in Korea? *social experiment,https://www.youtube.com/watch?v=cgjlIFbs-DY&pp=ygUKa29yZWEgZm9vZA%3D%3D,7ì¼ ì „,ì¡°íšŒìˆ˜ 1003ë§ŒíšŒ,2024-06-24 00:00:00
204,BIG BONE MARROW ASMR,https://www.youtube.com/shorts/mEN6cceoDrw,5ë…„ ì „,ì¡°íšŒìˆ˜ 175ë§ŒíšŒ,2019-07-03 00:00:00
205,Why Korean Stadium Food DESTROYS American Stadium Food!! Youâ€™re Being Robbed!!,https://www.youtube.com/watch?v=h2rEeZt4mEg&pp=ygUKa29yZWEgZm9vZA%3D%3D,6ë…„ ì „,ì¡°íšŒìˆ˜ 267ë§ŒíšŒ,2018-07-03 00:00:00
206,ğŸ‡°ğŸ‡·CVS BLACK FOOD CHALLENGE: shopping and food ğŸ–¤âœ¨,https://www.youtube.com/watch?v=APe0TO49E00&pp=ygUKa29yZWEgZm9vZA%3D%3D,3ë…„ ì „,ì¡°íšŒìˆ˜ 6.4ì–µíšŒ,2021-07-02 00:00:00
207,Eating the BEST KOREAN STREET FOOD in SEOUL,https://www.youtube.com/watch?v=zPuLGkluoTY&pp=ygUKa29yZWEgZm9vZA%3D%3D,3ë…„ ì „,ì¡°íšŒìˆ˜ 393ë§ŒíšŒ,2021-07-02 00:00:00
208,"ì§‘ë°¥ì´ ì ¤ ë§›ìˆì–´ â˜† ê³ ì¶”ì¥ì°Œê°œ,ê°ˆì¹˜êµ¬ì´,ë¶„í™ì†Œì„¸ì§€",https://www.youtube.com/watch?v=ZftWUzMrpeQ&pp=ygUKa29yZWEgZm9vZA%3D%3D,5ì¼ ì „,ì¡°íšŒìˆ˜ 10ë§ŒíšŒ,2024-06-26 00:00:00
209,Mukbang Fire Spicy Noodle Tteokbokki ë¶ˆë‹­ë³¶ìŒë©´ ë–¡ë³¶ì´ TV ì† í¸ì˜ì  ìŒì‹ ë¨¹ë°© DONA ë„ë‚˜,https://www.youtube.com/watch?v=EoMxn7v16ck&pp=ygUKa29yZWEgZm9vZA%3D%3D,5ì¼ ì „,ì¡°íšŒìˆ˜ 558ë§ŒíšŒ,2024-06-26 00:00:00
210,Korean-Chinese food delivery ğŸ‡°ğŸ‡· jjamppong vs jjajangmyeon #koreanfood #mukbang #asmr #korea,https://www.youtube.com/shorts/wJ5qx-Ltnuo,2ë…„ ì „,ì¡°íšŒìˆ˜ 2685ë§ŒíšŒ,2022-07-02 00:00:00
211,"shopping in korea vlog ğŸ‡°ğŸ‡· grocery food haul ğŸ§ fruits, snacks, making summer dessert",https://www.youtube.com/watch?v=dp7IIDoWbUs&pp=ygUKa29yZWEgZm9vZA%3D%3D,1ë…„ ì „,ì¡°íšŒìˆ˜ 4.6ë§ŒíšŒ,2023-07-02 00:00:00
212,ì›¨ì´íŒ…ë§Œ ê¸°ë³¸ 1ì‹œê°„..ğŸ˜µì„±ìˆ˜ë™ í•«í”Œ ëŒ€ë¦¼êµ­ìˆ˜ ì „ë©”ë‰´ ë¨¹ë°©,https://www.youtube.com/watch?v=1xtDsmbE91k&pp=ygUKa29yZWEgZm9vZA%3D%3D,1ë…„ ì „,ì¡°íšŒìˆ˜ 371ë§ŒíšŒ,2023-07-02 00:00:00
213,Indian Boy Selling Super Spicy Korean Maggi | Indian Street Food |#shorts #short #youtubeshorts,https://www.youtube.com/shorts/YGO5XBIwPUE,2ë…„ ì „,ì¡°íšŒìˆ˜ 1269ë§ŒíšŒ,2022-07-02 00:00:00
214,Korean university breakfast pt 77 #estudiarencorea #food #koreauniversity #koreanstudies,https://www.youtube.com/shorts/Y27waTNPhdU,2ë…„ ì „,ì¡°íšŒìˆ˜ 147ë§ŒíšŒ,2022-07-02 00:00:00
215,ì—„ì²­ë‚œ ìŠ¤ì¼€ì¼! í‰ì†Œì— ë³´ê¸°í˜ë“  ì‹ ê¸°í•œ ì‹í’ˆê³µì¥ ëŒ€ëŸ‰ìƒì‚° ëª°ì•„ë³´ê¸° ì‹œë¦¬ì¦ˆ 3,https://www.youtube.com/watch?v=8AK_iiXD9jA&pp=ygUKa29yZWEgZm9vZA%3D%3D,1ë…„ ì „,ì¡°íšŒìˆ˜ 693ë§ŒíšŒ,2023-07-02 00:00:00
216,ğŸ‡°ğŸ‡·CVS BROWN FOOD ONLY CHALLENGE ğŸ¤ à¥¤ makeup shopping ğŸ› + Downtown vlog,https://www.youtube.com/watch?v=CZvYvUGLNMg&pp=ygUKa29yZWEgZm9vZA%3D%3D,2ë…„ ì „,ì¡°íšŒìˆ˜ 44ë§ŒíšŒ,2022-07-02 00:00:00
217,Mukbang! Spicy Noodle & MALA XIANG GUO TTeokbokki Korean Chicken Dog Snack EATING by HIU í•˜ì´ìœ ,https://www.youtube.com/watch?v=byShudW-AxM&pp=ygUKa29yZWEgZm9vZA%3D%3D,1ë…„ ì „,ì¡°íšŒìˆ˜ 424ë§ŒíšŒ,2023-07-02 00:00:00
218,ğŸ‡°ğŸ‡·CVS RED SPICY FOOD CHALLENGE ONLY ğŸ¥µğŸŒ¶ï¸ clothes shopping in Downtown + street foodğŸ›ï¸,https://www.youtube.com/watch?v=8UPl0SBp0AE&pp=ygUKa29yZWEgZm9vZA%3D%3D,2ë…„ ì „,ì¡°íšŒìˆ˜ 1.4ì–µíšŒ,2022-07-02 00:00:00
219,í•˜ë£¨ 20í†¤ ì–´ë¬µê³µì¥ ëŒ€ëŸ‰ìƒì‚° í˜„ì¥!! 41ë…„ ì „í†µ êµ­ë‚´ìµœëŒ€ ê¼¬ì¹˜ì–´ë¬µ ìƒì‚°ê³µì¥ì˜ ë‹¤ì–‘í•œ ì–´ë¬µ ë§Œë“œëŠ” ê³¼ì •,https://www.youtube.com/watch?v=Qjnxv655XgE&pp=ygUKa29yZWEgZm9vZA%3D%3D,3ë…„ ì „,ì¡°íšŒìˆ˜ 239ë§ŒíšŒ,2021-07-02 00:00:00
220,"ğŸ†""2023 ì—°ë§ì–´ì›Œì¦ˆ"" ì˜¬í•´ ìµœê³ ì˜ ìš”ë¦¬&ë¨¹ë°© ì˜ìƒ 12ì„ ğŸ“¯ ì–´ë µê²Œ ê³ ë¥¸ ì˜¬í•´ ìµœê³ ì˜ ì˜ìƒ!  ë ˆì „ë“œ ëª¨ìŒğŸ˜‡ Food MUKBANG ASMR EATINGSHOW REALSOUND",https://www.youtube.com/watch?v=UepwL4RODvs&pp=ygUKa29yZWEgZm9vZA%3D%3D,8ì¼ ì „,ì¡°íšŒìˆ˜ 179ë§ŒíšŒ,2024-06-23 00:00:00
221,(Spicy Food Eating) - Fresh Tofu with Chillies - mukbang ASMR | Sisters Eating #Shorts,https://www.youtube.com/shorts/RbRYV1H8og0,9ì¼ ì „,ì¡°íšŒìˆ˜ 504ë§ŒíšŒ,2024-06-22 00:00:00
222,Steven Eats Through Korea for 24 Hours Straight,https://www.youtube.com/watch?v=BUn3wGb6du4&pp=ygUKa29yZWEgZm9vZA%3D%3D,9ê°œì›” ì „,ì¡°íšŒìˆ˜ 1294ë§ŒíšŒ,2023-10-05 00:00:00
223,Best Korean Food!! HUGE BONE HOTPOT + 5 Must Eat Foods in Seoul!,https://www.youtube.com/watch?v=wftv9ZjZk7g&pp=ygUKa29yZWEgZm9vZA%3D%3D,2ì£¼ ì „,ì¡°íšŒìˆ˜ 9.4ë§ŒíšŒ,2024-06-17 00:00:00
224,"Korean corn dog, the popular Korean street food! #food #cooking #recipe",https://www.youtube.com/shorts/41QeGENKF1c,1ë…„ ì „,ì¡°íšŒìˆ˜ 17ë§ŒíšŒ,2023-07-02 00:00:00
225,Korean ğŸ‡°ğŸ‡· tries SPICY Indian Snacks for the first time!! *Hilarious Reaction* ğŸ˜‚,https://www.youtube.com/watch?v=IvbAUCdr3hY&pp=ygUKa29yZWEgZm9vZA%3D%3D,1ê°œì›” ì „,ì¡°íšŒìˆ˜ 1137ë§ŒíšŒ,2024-06-01 00:00:00
226,êµ¬ë‚´ì‹ë‹¹ íšŒì‚¬ì› ê¸‰ì‹ 188ì¼ì°¨ #korea #foodie #korean #yummy #seoul #mukbang,https://www.youtube.com/shorts/8Y27nNymTB4,4ë…„ ì „,ì¡°íšŒìˆ˜ 147ë§ŒíšŒ,2020-07-02 00:00:00
227,I Tried Foods in a Korean Baseball Stadium,https://www.youtube.com/watch?v=LEMEE6zug3E&pp=ygUKa29yZWEgZm9vZA%3D%3D,1ë…„ ì „,ì¡°íšŒìˆ˜ 752ë§ŒíšŒ,2023-07-02 00:00:00
228,ğŸ‡°ğŸ‡·CVS CHALLENGE: ORANGE FOOD ONLY ğŸ§¡ + Shopping in Downtown ğŸ›,https://www.youtube.com/watch?v=J_lWpwHcPMk&pp=ygUKa29yZWEgZm9vZA%3D%3D,2ë…„ ì „,ì¡°íšŒìˆ˜ 828ë§ŒíšŒ,2022-07-02 00:00:00
229,"ì‹œì›í•œ ëŒ€ëŸ‰ìƒì‚° ! ë³¼ìˆ˜ë¡ ì‹ ê¸°í•œ ëŒ€ëŸ‰ìƒì‚° í˜„ì¥ ! ì–´ë¬µ, ê°ìíŠ€ê¹€ | Various Korean Food Mass Production Process | Korean Food",https://www.youtube.com/watch?v=ytv_Wf6qf2c&pp=ygUKa29yZWEgZm9vZA%3D%3D,5ì¼ ì „,ì¡°íšŒìˆ˜ 3ì–µíšŒ,2024-06-26 00:00:00
230,ğŸ‡°ğŸ‡·CVS RAINBOW CHALLENGEğŸŒˆ | shopping ğŸ›ï¸ + food #Clovia,https://www.youtube.com/watch?v=TK3QnDxiT68&pp=ygUKa29yZWEgZm9vZA%3D%3D,8ì¼ ì „,ì¡°íšŒìˆ˜ 623ë§ŒíšŒ,2024-06-23 00:00:00
231,í•œêµ­ì˜ ì¬ë¯¸ìˆëŠ” ê¸¸ê±°ë¦¬ìŒì‹ ëª¨ìŒ! / korean interesting street food collection!,https://www.youtube.com/watch?v=F600bVI0BOI&pp=ygUKa29yZWEgZm9vZA%3D%3D,3ë…„ ì „,ì¡°íšŒìˆ˜ 997ë§ŒíšŒ,2021-07-02 00:00:00
232,Giant Fish-Shaped Bread - Korean Street Food #shortvideo,https://www.youtube.com/shorts/8nzTPobbZlM,1ë…„ ì „,ì¡°íšŒìˆ˜ 1450ë§ŒíšŒ,2023-07-02 00:00:00
233,ğŸ‡°ğŸ‡·CVS GOLD FOOD CHALLENGE âœ¨,https://www.youtube.com/watch?v=fEO8JH2UhMg&pp=ygUKa29yZWEgZm9vZA%3D%3D,11ê°œì›” ì „,ì¡°íšŒìˆ˜ 265ë§ŒíšŒ,2023-08-06 00:00:00
234,ê²¨ìš¸ ê°„ì‹ ë¨¹ë°© ë§Œí™”,https://www.youtube.com/watch?v=j82vcSkNOfA&pp=ygUKa29yZWEgZm9vZA%3D%3D,1ë…„ ì „,ì¡°íšŒìˆ˜ 355ë§ŒíšŒ,2023-07-02 00:00:00
235,"ë§¤ì¼ 20ì¢…ë¥˜ê°€ ë„˜ëŠ” ë„ë„› ë§Œë“œëŠ” ê³³, ìš©ì¸ ë„ë„› í•«í”Œë ˆì´ìŠ¤ / Making 23 kinds of donuts every day - Korean street food",https://www.youtube.com/watch?v=pg_55jPfryg&pp=ygUKa29yZWEgZm9vZA%3D%3D,2ê°œì›” ì „,ì¡°íšŒìˆ˜ 413ë§ŒíšŒ,2024-05-02 00:00:00
236,ASMR MUKBANG ì§ì ‘ ë§Œë“  ì¹˜í† ìŠ¤ ì–‘ë… ì¹˜í‚¨ë¨¹ë°©! ì¹˜ì¦ˆìŠ¤í‹± ì§œíŒŒê²Œí‹° ë ˆì‹œí”¼ FRIED CHICKEN AND BLACK BEAN NOODLES EATING SOUND!,https://www.youtube.com/watch?v=dDqr9DCNuxc&pp=ygUKa29yZWEgZm9vZA%3D%3D,2ê°œì›” ì „,ì¡°íšŒìˆ˜ 16ë§ŒíšŒ,2024-05-02 00:00:00
237,ë‚˜ì´ˆê°€ ë¬´í•œë¦¬í•„! ë¯¸êµ­ì‹ ë”¥ì¹˜ì¦ˆ ë²„ê±°ë¡œ í•˜ë£¨ 200ê°œì”© íŒ”ë¦¬ëŠ”? í´ë˜ì‹ ìˆ˜ì œë²„ê±° / American Style Deep cheeseburger / Korean street food,https://www.youtube.com/watch?v=BlBSswCVNPw&pp=ygUKa29yZWEgZm9vZA%3D%3D,7ê°œì›” ì „,ì¡°íšŒìˆ˜ 880ë§ŒíšŒ,2023-12-04 00:00:00
238,[FRK with NewJeans]  Koreansâ€™ Korea: K-Food #Koreans_Korea #K-food #VisitKoreaYear,https://www.youtube.com/watch?v=p9a2FkZf5b8&pp=ygUKa29yZWEgZm9vZA%3D%3D,6ì¼ ì „,ì¡°íšŒìˆ˜ 352ë§ŒíšŒ,2024-06-25 00:00:00
239,Lunch of ordinary office worker in Korea ğŸ‡°ğŸ‡·Pt.145 #koreanfood #korean #southkorea #mukbang,https://www.youtube.com/shorts/-WeJ1argn4s,2ë…„ ì „,ì¡°íšŒìˆ˜ 928ë§ŒíšŒ,2022-07-02 00:00:00
240,Eating ONLY at Korean convenience foods for 24 hours!,https://www.youtube.com/watch?v=u0F03Lr79M0&pp=ygUKa29yZWEgZm9vZA%3D%3D,2ë…„ ì „,ì¡°íšŒìˆ˜ 32ë§ŒíšŒ,2022-07-02 00:00:00
241,Dessert day in KoreağŸ‡°ğŸ‡· #korean #korea #foodie #yummy #seoul #mukbang #cake #dessert,https://www.youtube.com/shorts/jGc-Hhj_Ed4,1ë…„ ì „,ì¡°íšŒìˆ˜ 411ë§ŒíšŒ,2023-07-02 00:00:00
242,Kimbap (rice roll)  -  Korean Street Food,https://www.youtube.com/shorts/5utnxm5x-RA,1ë…„ ì „,ì¡°íšŒìˆ˜ 600ë§ŒíšŒ,2023-07-02 00:00:00
243,ì§ì¥ì¸ë“¤ì´ ì‚¬ë‘í•˜ëŠ” ìµœê³ ì˜ ì ì‹¬ ë©”ë‰´ Top5 ëª°ì•„ë³´ê¸°,https://www.youtube.com/watch?v=Rk9d5RRIj08&pp=ygUKa29yZWEgZm9vZA%3D%3D,4ë…„ ì „,ì¡°íšŒìˆ˜ 7.4ë§ŒíšŒ,2020-07-02 00:00:00
244,"Mukbang ë¶€ì‚° Ep1. ë‚¨í¬ë™ (ê¹¡í†µì‹œì¥, êµ­ì œì‹œì¥, ì´ê°€ë„¤ë–¡ë³¶ì´, ë¹„ë¹”ë‹¹ë©´, ì”¨ì•—í˜¸ë–¡) | Busan ë¨¹ë°© â˜º",https://www.youtube.com/watch?v=9Ptp1lvcD9U&pp=ygUKa29yZWEgZm9vZA%3D%3D,2ë…„ ì „,ì¡°íšŒìˆ˜ 34ë§ŒíšŒ,2022-07-02 00:00:00
245,COOKING KOREAN FOOD + GROCERIES SHOPPING | vlog,https://www.youtube.com/watch?v=XyHmwT53juo&pp=ygUKa29yZWEgZm9vZA%3D%3D,3ì¼ ì „,ì¡°íšŒìˆ˜ 10ë§ŒíšŒ,2024-06-28 00:00:00
246,ì‹ë‹¨ë ˆì‹œí”¼ #íŒ½ì´ë²„ì„¯ë®ë°¥ #ì‹ë‹¨ #ë‹¤ì´ì–´íŠ¸ #ë‹¤ì´ì–´íŠ¸ìš”ë¦¬ #diat #korea #koreafood #ë ˆì‹œí”¼ #éŸ“å›½æ–™ç† #ãƒ€ã‚¤ã‚¨ãƒƒãƒˆ,https://www.youtube.com/shorts/tw-8rX5PwiQ,3ê°œì›” ì „,ì¡°íšŒìˆ˜ 163ë§ŒíšŒ,2024-04-02 00:00:00
247,THE BEST OF KOREAN FOOD IN LA FROM ICE SOUP TO GEODUCK | FTD,https://www.youtube.com/watch?v=h1g-aw_a9hw&pp=ygUKa29yZWEgZm9vZA%3D%3D,7ì¼ ì „,ì¡°íšŒìˆ˜ 435ë§ŒíšŒ,2024-06-24 00:00:00
248,êµ¬ë‚´ì‹ë‹¹ íšŒì‚¬ì› ê¸‰ì‹ 187ì¼ì°¨ #korea #foodie #korean #yummy #seoul #mukbang,https://www.youtube.com/shorts/TaNFGQx8ItA,1ë…„ ì „,ì¡°íšŒìˆ˜ 23ë§ŒíšŒ,2023-07-02 00:00:00
249,What I Eat in KOREA (EP. 5): Convenience Store Food For 24 Hours & The Best Korean Fried Chicken,https://www.youtube.com/watch?v=fHaOdf23IKg&pp=ygUKa29yZWEgZm9vZA%3D%3D,2ë…„ ì „,ì¡°íšŒìˆ˜ 58ë§ŒíšŒ,2022-07-02 00:00:00
250,1500ì› ê±°ëŒ€ ì‹ë¹µ ê³ ë¡œì¼€?! 13ê°€ì§€ ì¬ë£Œê°€ ë“¤ì–´ê°„ ë¯¸ì¹œ í€„ë¦¬í‹°ì˜ ì†ì´ ê½‰ì°¬ ì‹ë¹µ ê³ ë¡œì¼€ í† ìŠ¤íŠ¸,https://www.youtube.com/watch?v=nU64JwuO0aw&pp=ygUKa29yZWEgZm9vZA%3D%3D,1ê°œì›” ì „,ì¡°íšŒìˆ˜ 559ë§ŒíšŒ,2024-06-01 00:00:00
251,shopping in korea vlog ğŸ‡°ğŸ‡· grocery food with prices ğŸ›’ snacks unboxing & cooking,https://www.youtube.com/watch?v=TLsosQTtmqg&pp=ygUKa29yZWEgZm9vZA%3D%3D,1ë…„ ì „,ì¡°íšŒìˆ˜ 1080ë§ŒíšŒ,2023-07-02 00:00:00
252,"í•˜ë£¨ ê³„ë€ë§Œ 3,000ê°œ ì‚¬ìš©í•˜ëŠ” ëª½ë‘¥ì´ ê¹€ë°¥ë¶€í„° ê³„ë€í­íƒ„ ì‚°ë”ë¯¸ê¹€ë°¥ê¹Œì§€ ìµœê³ ì˜ ê¹€ë°¥ì§‘ ì˜ìƒ ëª°ì•„ë³´ê¸°",https://www.youtube.com/watch?v=RcBEryeuf2s&pp=ygUKa29yZWEgZm9vZA%3D%3D,5ì¼ ì „,ì¡°íšŒìˆ˜ 1450ë§ŒíšŒ,2024-06-26 00:00:00
253,ì••ë„ì  ëŒ€ëŸ‰ ìƒì‚°! ëˆê¹ŒìŠ¤ê³µì¥ ê¹€ì¹˜ê³µì¥ ì™€í”Œê³µì¥ ë“± ìŒì‹ê³µì¥ ì˜ìƒ ëª¨ìŒ,https://www.youtube.com/watch?v=CWoGG54n6O0&pp=ygUKa29yZWEgZm9vZA%3D%3D,4ë…„ ì „,ì¡°íšŒìˆ˜ 746ë§ŒíšŒ,2020-07-02 00:00:00
254,SUB)ê¾¸ë•ì´‰ì´‰ ì§œíŒŒê²Œí‹°ì— ë§¤ìš´ ë§ˆë¼ì˜¤ì§•ì–´ íŒ½ì´ë²„ì„¯ ë„£ì–´ì„œ ë¨¹ë°©! íŒŒê¹€ì¹˜ ê²‰ì ˆì´ê¹Œì§€ ì§œì¥ë¼ë©´ ê¿€ì¡°í•© ë¦¬ì–¼ì‚¬ìš´ë“œ Mala Chapagetti Mukbang Asmr,https://www.youtube.com/watch?v=WEOl2oZIPv4&pp=ygUKa29yZWEgZm9vZA%3D%3D,2ì¼ ì „,ì¡°íšŒìˆ˜ 110ë§ŒíšŒ,2024-06-29 00:00:00
255,ğŸ‡°ğŸ‡·CVS PINK FOOD ONLY CHALLENGE ğŸ’• + Shopping Date ğŸ›,https://www.youtube.com/watch?v=NT4RAG1H4ko&pp=ygUKa29yZWEgZm9vZA%3D%3D,6ì¼ ì „,ì¡°íšŒìˆ˜ 135ë§ŒíšŒ,2024-06-25 00:00:00
256,"ë†€ë¼ìš´ ê´‘ê²½! í•œêµ­ì¸ì˜ ì…ë§›ì„ ì‚¬ë¡œ ì¡ì€ ì¸ê¸° ìŒì‹ TOP8 ëª°ì•„ë³´ê¸° ë–¡ë³¶ì´, êµ­ìˆ˜, í†µë‹­, í”¼ì, ì‚¼ê²¹ì‚´ /Top8 Popular Street Foods in Korea",https://www.youtube.com/watch?v=1Tk2uEFyY0U&pp=ygUKa29yZWEgZm9vZA%3D%3D,1ë…„ ì „,ì¡°íšŒìˆ˜ 966ë§ŒíšŒ,2023-07-02 00:00:00
257,24hr KOREAN STREET FOOD in BUSAN,https://www.youtube.com/watch?v=G65C-mqL3ho&pp=ygUKa29yZWEgZm9vZA%3D%3D,3ê°œì›” ì „,ì¡°íšŒìˆ˜ 12ë§ŒíšŒ,2024-04-02 00:00:00
258,"ë°”ì‚­í•¨ì´ ë¯¸ì³¤ë‹¤! ë§¤ì¼ ë‹­ì†ì§ˆê¹Œì§€ ì§ì ‘í•´ì„œ ëŒ€ë°•ë‚œ? ì–‘ë§ì€ ì‹œì¥ ë‹­ê°•ì •, ë˜¥ì§‘íŠ€ê¹€ / Sweet and sour chicken / Korean Street food",https://www.youtube.com/watch?v=7ZH26sxeot0&pp=ygUKa29yZWEgZm9vZA%3D%3D,1ë…„ ì „,ì¡°íšŒìˆ˜ 644ë§ŒíšŒ,2023-07-02 00:00:00
259,ğŸ‡°ğŸ‡·CVS CHALLENGE: buying only EXPENSIVE FOOD + shopping ğŸ›ï¸,https://www.youtube.com/watch?v=pGTJATIuHM0&pp=ygUKa29yZWEgZm9vZA%3D%3D,3ì£¼ ì „,ì¡°íšŒìˆ˜ 2012ë§ŒíšŒ,2024-06-10 00:00:00
260,ì „êµ­ ê¸¸ê±°ë¦¬ìŒì‹ ë‹¬ì¸ì˜ ë§›ì§‘ ëª°ì•„ë³´ê¸°! Best Korean Food Master / korean food street,https://www.youtube.com/watch?v=3-Btbp2azAs&pp=ygUKa29yZWEgZm9vZA%3D%3D,1ê°œì›” ì „,ì¡°íšŒìˆ˜ 997ë§ŒíšŒ,2024-06-01 00:00:00
261,ASMR MUKBANG ì§ì ‘ ë§Œë“  ì–‘ë… ì¹˜í‚¨ë¨¹ë°©! ì¹˜ì¦ˆ í†µìŠ¤íŒ¸ ì§œíŒŒê²Œí‹° ë ˆì‹œí”¼ & ë¨¹ë°© FRIED CHICKEN AND BLACK BEAN NOODLES EATING SOUND!,https://www.youtube.com/watch?v=-9lksD7K0Uc&pp=ygUKa29yZWEgZm9vZA%3D%3D,1ë…„ ì „,ì¡°íšŒìˆ˜ 1ë§ŒíšŒ,2023-07-02 00:00:00
262,í•˜ë£¨ 2000ê°œ ëŒ€ëŸ‰ìƒì‚°! êµ­ë‚´ ìµœì´ˆë¡œ íŠ¹í—ˆë°›ì€ ë¶„ë¦¬í˜• ë°œì—´ë„ì‹œë½ / Fever lunch box mass production factory,https://www.youtube.com/watch?v=py0wXzyFEP4&pp=ygUKa29yZWEgZm9vZA%3D%3D,3ì¼ ì „,ì¡°íšŒìˆ˜ 135ë§ŒíšŒ,2024-06-28 00:00:00
263,ì—„ì²­ë‚œ ìŠ¤ì¼€ì¼! ë„‹ë†“ê³  ë³´ê²Œ ë˜ëŠ” ì‹ ê¸°í•œ ì‹í’ˆê³µì¥ ëŒ€ëŸ‰ìƒì‚° ëª°ì•„ë³´ê¸° #2,https://www.youtube.com/watch?v=InZ3I14oP6k&pp=ygUKa29yZWEgZm9vZA%3D%3D,2ë…„ ì „,ì¡°íšŒìˆ˜ 1.6ë§ŒíšŒ,2022-07-02 00:00:00
264,Lunch time in korea ğŸ˜œ  #koreanfood #korean #korea,https://www.youtube.com/shorts/AyK_dscmU4A,1ë…„ ì „,ì¡°íšŒìˆ˜ 2.7ë§ŒíšŒ,2023-07-02 00:00:00
265,Extra Crispy Fried Chicken!! ğŸ— STREET FOOD KOREA + My New Favorite Korean Food!,https://www.youtube.com/watch?v=KoJ8Hxqt9EE&pp=ygUKa29yZWEgZm9vZA%3D%3D,1ë…„ ì „,ì¡°íšŒìˆ˜ 222ë§ŒíšŒ,2023-07-02 00:00:00
266,Korean university breakfast pt 78 #estudiarencorea #food #koreauniversity #koreanstudies,https://www.youtube.com/shorts/H3xCuxBugiU,5ì¼ ì „,ì¡°íšŒìˆ˜ 51ë§ŒíšŒ,2024-06-26 00:00:00
267,Amazing and delicious lunch time in Korea ğŸ‡°ğŸ‡· EP.69 #koreanfood #mukbang #foodie,https://www.youtube.com/shorts/hVwkS8HPLLI,2ì£¼ ì „,ì¡°íšŒìˆ˜ 353ë§ŒíšŒ,2024-06-17 00:00:00
268,Eating ONLY at Korean convenience foods for 24 hours!,https://www.youtube.com/watch?v=46eaL4r9fkA&pp=ygUKa29yZWEgZm9vZA%3D%3D,1ë…„ ì „,ì¡°íšŒìˆ˜ 43ë§ŒíšŒ,2023-07-02 00:00:00
269,ê³ ê¸°ë“¬ë¿! ì‚°ë”ë¯¸ ê³ ê¸° ì§¬ë½• / amazing spicy beef noodle - korean street food,https://www.youtube.com/watch?v=2_MCktIND3Q&pp=ygUKa29yZWEgZm9vZA%3D%3D,2ì£¼ ì „,ì¡°íšŒìˆ˜ 522ë§ŒíšŒ,2024-06-17 00:00:00
270,"ğŸ‡°ğŸ‡·We Tried Korean Food In An Authentic Korean Cafe - ""Dalgrak"" For The First Time !! #shorts",https://www.youtube.com/shorts/-1qHdWcVA2M,3ë…„ ì „,ì¡°íšŒìˆ˜ 1.4ì²œíšŒ,2021-07-02 00:00:00
271,I Went to the LEGENDARY Street Food Market in Korea,https://www.youtube.com/watch?v=KV01RniCGE0&pp=ygUKa29yZWEgZm9vZA%3D%3D,2ë…„ ì „,ì¡°íšŒìˆ˜ 7179ë§ŒíšŒ,2022-07-02 00:00:00
272,í•‘í¬ í¸ì˜ì  ìŒì‹ ë¨¹ë°© ğŸŒ¸ ë¡œì œ ë¶ˆë‹­ & ë–¡ë³¶ì´ ë””ì €íŠ¸ ë¨¹ë°© Korean Convenience Store Food Ramen Desserts Mukbang ASMR Ssoyoung,https://www.youtube.com/watch?v=FcV1FjifGkc&pp=ygUKa29yZWEgZm9vZA%3D%3D,2ë…„ ì „,ì¡°íšŒìˆ˜ 1.2ë§ŒíšŒ,2022-07-02 00:00:00
273,ë„í† ë¦¬ë¬µ ë“œì„¸ìš”ğŸ˜‹ #korea #food #ë§›ìˆëŠ” #ìŒì‹ #í•œì‹,https://www.youtube.com/shorts/mvHMj3ukMGY,10ì¼ ì „,ì¡°íšŒìˆ˜ 307ë§ŒíšŒ,2024-06-21 00:00:00
274,Foreigners vs Indians in Thailand Street food ğŸŠğŸ¦€ #funny #comedy,https://www.youtube.com/shorts/wTOm5zKZ5LM,6ê°œì›” ì „,ì¡°íšŒìˆ˜ 15ë§ŒíšŒ,2024-01-03 00:00:00
275,Breakfast In Korea â¤ï¸ğŸ˜Š #koreanfood  #korea  #koreanfoodvlog,https://www.youtube.com/shorts/B75-kThArcs,3ë…„ ì „,ì¡°íšŒìˆ˜ 392ë§ŒíšŒ,2021-07-02 00:00:00
276,24hr KOREAN STREET FOOD like a local,https://www.youtube.com/watch?v=aooIpwlyTJY&pp=ygUKa29yZWEgZm9vZA%3D%3D,3ê°œì›” ì „,ì¡°íšŒìˆ˜ 1126ë§ŒíšŒ,2024-04-02 00:00:00
277,Trying Korean Street Food at a Gas Stop / Rest Stop in Korea ft. Sotteok-Sotteok & Corn Dogs #shorts,https://www.youtube.com/shorts/XCXFCTGdgYE,2ë…„ ì „,ì¡°íšŒìˆ˜ 16ë§ŒíšŒ,2022-07-02 00:00:00
278,"ì‹ ì„ í•©ë‹ˆë‹¤! í¬ì¥ìœ¼ë¡œ ì›”ë§¤ì¶œ 1ì–µ ì°ëŠ”? êµ­ë‚´ ìµœì´ˆ ëŒ€ê²Œ, í‚¹í¬ë©, ëìŠ¤í„° í…Œì´í¬ì•„ì›ƒ ì „ë¬¸ì  / Giant King Crab Seafood / Korean street food",https://www.youtube.com/watch?v=RobBAe9XsIQ&pp=ygUKa29yZWEgZm9vZA%3D%3D,1ë…„ ì „,ì¡°íšŒìˆ˜ 1520ë§ŒíšŒ,2023-07-02 00:00:00
279,"ì–‘ë§ì€ ì‹œì¥í†µë‹­, ë‹­ê°•ì •, ìƒˆìš°íŠ€ê¹€! êµ­ë‚´ì‚° ìƒë‹­ë§Œ ì‚¬ìš© / korean fried chicken, fried shrimp - korean street food",https://www.youtube.com/watch?v=Is7wqHtZlw8&pp=ygUKa29yZWEgZm9vZA%3D%3D,12ì¼ ì „,ì¡°íšŒìˆ˜ 1502ë§ŒíšŒ,2024-06-19 00:00:00
280,êµ¬ë‚´ì‹ë‹¹ íšŒì‚¬ì› ê¸‰ì‹ 183ì¼ì°¨ #korea #foodie #korean #yummy #seoul #mukbang,https://www.youtube.com/shorts/Vhug6MRiPKY,6ì¼ ì „,ì¡°íšŒìˆ˜ 286ë§ŒíšŒ,2024-06-25 00:00:00
281,BRUNCH at 7-ELEVEN in Seoul South Korea,https://www.youtube.com/watch?v=0uIs5OVG9HI&t=94s&pp=ygUKa29yZWEgZm9vZA%3D%3D,1ë…„ ì „,ì¡°íšŒìˆ˜ 378ë§ŒíšŒ,2023-07-02 00:00:00
282,í•œêµ­ ìˆ +ì•ˆì£¼ë¥¼ ì²˜ìŒ ë¨¹ì–´ë³¸ ë°ë“œí’€ì˜ ë°˜ì‘!?,https://www.youtube.com/watch?v=lCPsMawKJLQ&pp=ygUKa29yZWEgZm9vZA%3D%3D,2ë…„ ì „,ì¡°íšŒìˆ˜ 14ë§ŒíšŒ,2022-07-02 00:00:00
283,6 Korean Dinners You Can Make at Home Easy & Fun! #BingeWatch,https://www.youtube.com/watch?v=toDq6POhvu8&pp=ygUKa29yZWEgZm9vZA%3D%3D,4ì¼ ì „,ì¡°íšŒìˆ˜ 3.7ë§ŒíšŒ,2024-06-27 00:00:00
284,KOREAN FOOD MUKBANG - ANIMATION MUKBANG #6 | GH'S ANIMATION,https://www.youtube.com/watch?v=4hsj7-jgjR8&pp=ygUKa29yZWEgZm9vZA%3D%3D,12ì¼ ì „,ì¡°íšŒìˆ˜ 4935ë§ŒíšŒ,2024-06-19 00:00:00
285,êµ¬ë‚´ì‹ë‹¹ íšŒì‚¬ì› ê¸‰ì‹ 185ì¼ì°¨ #korea #foodie #korean #yummy #seoul #mukbang,https://www.youtube.com/shorts/6PxzDplXUwU,3ë…„ ì „,ì¡°íšŒìˆ˜ 33ë§ŒíšŒ,2021-07-02 00:00:00
286,Amazing and delicious lunch time in Korea ğŸ‡°ğŸ‡· EP.68 #koreanfood #mukbang #foodie,https://www.youtube.com/shorts/_xLaYL5LOfU,1ë…„ ì „,ì¡°íšŒìˆ˜ 403ë§ŒíšŒ,2023-07-02 00:00:00
287,ASMR MUKBANG ì§ì ‘ ë§Œë“  ì–‘ë… ì¹˜í‚¨ë¨¹ë°©! ìŠ¤í…Œì´í¬ ì§œíŒŒê²Œí‹° ë ˆì‹œí”¼ & ë¨¹ë°© FRIED CHICKEN AND BLACK BEAN NOODLES EATING SOUND!,https://www.youtube.com/watch?v=vXp3IzESmnw&pp=ygUKa29yZWEgZm9vZA%3D%3D,2ì¼ ì „,ì¡°íšŒìˆ˜ 1185ë§ŒíšŒ,2024-06-29 00:00:00
288,MOST VISITED Street Food Spot in Seoul,https://www.youtube.com/watch?v=ww3XgG3ISIA&t=602s&pp=ygUKa29yZWEgZm9vZA%3D%3D,3ë…„ ì „,ì¡°íšŒìˆ˜ 1540ë§ŒíšŒ,2021-07-02 00:00:00
289,Tornado Omelette Rice - Korean Street Food,https://www.youtube.com/shorts/M_awSbNvMDM,9ì¼ ì „,ì¡°íšŒìˆ˜ 30ë§ŒíšŒ,2024-06-22 00:00:00
290,ğŸ‡°ğŸ‡· CVS FOOD CHALLENGE | RED FOOD ONLY ~ vlog,https://www.youtube.com/watch?v=RmagWIWOM4w&pp=ygUKa29yZWEgZm9vZA%3D%3D,5ë…„ ì „,ì¡°íšŒìˆ˜ 883ë§ŒíšŒ,2019-07-03 00:00:00
291,ğŸ‡°ğŸ‡·CVS BLUE FOOD ONLY CHALLENGE +  Shopping in Downtown | vlogğŸ’™,https://www.youtube.com/watch?v=MKf59EOp7YI&pp=ygUKa29yZWEgZm9vZA%3D%3D,7ì¼ ì „,ì¡°íšŒìˆ˜ 16ë§ŒíšŒ,2024-06-24 00:00:00
292,Gwangjang Market - Korean Street Food Tour ğŸœğŸ’—,https://www.youtube.com/watch?v=XqQtsfpDjq4&pp=ygUKa29yZWEgZm9vZA%3D%3D,1ë…„ ì „,ì¡°íšŒìˆ˜ 536ë§ŒíšŒ,2023-07-02 00:00:00
293,ğŸ‡°ğŸ‡·24 HOURS INDIAN FOOD CHALLENGE IN KOREAğŸ‡®ğŸ‡³ | Korean spring ğŸŒ¸cooking & shopping ğŸ›,https://www.youtube.com/watch?v=s9RtDWPAPbA&pp=ygUKa29yZWEgZm9vZA%3D%3D,1ë…„ ì „,ì¡°íšŒìˆ˜ 929ë§ŒíšŒ,2023-07-02 00:00:00
294,First Time Eating Most Popular North Korean Food in South Korea! #eating #koreanfood #korea #foodie,https://www.youtube.com/shorts/B2UKgyWDapA,1ë…„ ì „,ì¡°íšŒìˆ˜ 30ë§ŒíšŒ,2023-07-02 00:00:00
295,ì¹˜ì¦ˆ í† í•‘ ë¬´ë£Œ! 24ì‹œ ë¬´ì¸ ë¼ë©´ í¸ì˜ì  / automated ramen machine! ramen store - korean street food,https://www.youtube.com/watch?v=9R74P9OCFGI&pp=ygUKa29yZWEgZm9vZA%3D%3D,2ë…„ ì „,ì¡°íšŒìˆ˜ 33ë§ŒíšŒ,2022-07-02 00:00:00
296,"ë³´ê¸°ë§Œí•´ë„ ë‹¬ì½¤í•œ 5ì¢…ë¥˜ ì¼€ì´í¬ ë§Œë“¤ê¸°, ëŒ€ì „ ìœ ëª…ë¹µì§‘ / Satisfying Cake Making Video - Korean Food",https://www.youtube.com/watch?v=xVWwDc5aNDM&pp=ygUKa29yZWEgZm9vZA%3D%3D,1ë…„ ì „,ì¡°íšŒìˆ˜ 2431ë§ŒíšŒ,2023-07-02 00:00:00
297,êµ¬ë‚´ì‹ë‹¹ íšŒì‚¬ì› ê¸‰ì‹ 182ì¼ì°¨ #korea #foodie #korean #yummy #seoul #mukbang,https://www.youtube.com/shorts/8Z8A8dDBKeM,2ì¼ ì „,ì¡°íšŒìˆ˜ 3ë§ŒíšŒ,2024-06-29 00:00:00
298,êµ¬ë‚´ì‹ë‹¹ íšŒì‚¬ì› ê¸‰ì‹ 181ì¼ì°¨ #korea #foodie #korean #yummy #seoul #mukbang,https://www.youtube.com/shorts/y46gGSeDWmE,1ë…„ ì „,ì¡°íšŒìˆ˜ 668ë§ŒíšŒ,2023-07-02 00:00:00
299,ASMR MUKBANG| ì§ì ‘ ë§Œë“  ë¶ˆë‹­ ì§œì¥ ë²„ì„¯ ì–‘ë…ì¹˜í‚¨ ì†Œì„¸ì§€ ë¨¹ë°© & ë ˆì‹œí”¼ SPICY MUSHROOMS AND FIRE NOODLES EATING,https://www.youtube.com/watch?v=kwwuNHZXJv8&pp=ygUKa29yZWEgZm9vZA%3D%3D,1ë…„ ì „,ì¡°íšŒìˆ˜ 23ë§ŒíšŒ,2023-07-02 00:00:00
300,Korean Food! People waiting in line! / korean street food / ì¤„ì„œì„œ ë¨¹ëŠ” í•œêµ­ ê¸¸ê±°ë¦¬ ìŒì‹ë“¤,https://www.youtube.com/watch?v=FvZgfGe-pVQ&pp=ygUKa29yZWEgZm9vZA%3D%3D,2ë…„ ì „,ì¡°íšŒìˆ˜ 833ë§ŒíšŒ,2022-07-02 00:00:00
301,ì—„ì²­ë‚œ ìŠ¤ì¼€ì¼! í‰ì†Œì— ë³´ê¸°í˜ë“  ì‹ ê¸°í•œ ì‹í’ˆê³µì¥ ëŒ€ëŸ‰ìƒì‚° ëª°ì•„ë³´ê¸° #1,https://www.youtube.com/watch?v=Ia2PuUX01fk&pp=ygUKa29yZWEgZm9vZA%3D%3D,4ê°œì›” ì „,ì¡°íšŒìˆ˜ 43ë§ŒíšŒ,2024-03-03 00:00:00
302,What I eat every day at his Korean Parents' House: Cooking delicious Korean Food at Home in Daejeon,https://www.youtube.com/watch?v=WQ-o1l5_XTk&pp=ygUKa29yZWEgZm9vZA%3D%3D,3ë…„ ì „,ì¡°íšŒìˆ˜ 1228ë§ŒíšŒ,2021-07-02 00:00:00
303,í•´ì™¸ íƒ‘ìŠ¤íƒ€ë“¤ì˜ í•œêµ­ ìŒì‹ ì²«ì¸ìƒì€?!,https://www.youtube.com/watch?v=DQWUAb-hmlg&pp=ygUKa29yZWEgZm9vZA%3D%3D,3ë…„ ì „,ì¡°íšŒìˆ˜ 111íšŒ,2021-07-02 00:00:00
304,Gochujang RecipeğŸ¤¯!! Spicy Korean Paste ğŸ˜‹!!KOREAN ğŸ‡°ğŸ‡· Food challenge!!!#day-1#shorts#ytshorts,https://www.youtube.com/shorts/tnaNkJfPGiA,3ë…„ ì „,ì¡°íšŒìˆ˜ 37ë§ŒíšŒ,2021-07-02 00:00:00
305,ASMR MUKBANG | í¸ì˜ì  ë¼ë©´ ì¹˜ì¦ˆ ë–¡ë³¶ì´ ê¹€ë°¥ ë””ì €íŠ¸ ë¨¹ë°© & ë ˆì‹œí”¼ FRIED CHICKEN DESSERT AND Tteokbokki EATING,https://www.youtube.com/watch?v=xb6xwStfe_8&pp=ygUKa29yZWEgZm9vZA%3D%3D,13ì¼ ì „,ì¡°íšŒìˆ˜ 605ë§ŒíšŒ,2024-06-18 00:00:00
306,Fiery Korean Squid Street Food ğŸ”¥ğŸ‡°ğŸ‡· #korea #streetfood #explore #food #tourism #fire,https://www.youtube.com/shorts/uKnwjPb-RiQ,5ê°œì›” ì „,ì¡°íšŒìˆ˜ 4ë§ŒíšŒ,2024-02-02 00:00:00
307,POV Itâ€™s 2 am at a korean convenience store,https://www.youtube.com/shorts/AsXbj4hlEvM,1ê°œì›” ì „,ì¡°íšŒìˆ˜ 501ë§ŒíšŒ,2024-06-01 00:00:00
308,ğŸ‡°ğŸ‡·KOREAN CVS FOOD + TOUR + STUDYING KOREAN | vlog,https://www.youtube.com/watch?v=auv4y0k3Y_s&pp=ygUKa29yZWEgZm9vZA%3D%3D,12ì¼ ì „,ì¡°íšŒìˆ˜ 52ë§ŒíšŒ,2024-06-19 00:00:00
309,"Largest Korean STREET FOOD, Fashion, Thrift & FAKE MARKET in Busan - Nampodong ë‚¨í¬ë™",https://www.youtube.com/watch?v=LkMJ93kP6Jo&pp=ygUKa29yZWEgZm9vZA%3D%3D,2ì£¼ ì „,ì¡°íšŒìˆ˜ 33ë§ŒíšŒ,2024-06-17 00:00:00
310,Eating ONLY at Korean convenience foods for 24 hours! *wow*,https://www.youtube.com/watch?v=rzt5VNTzVE4&pp=ygUKa29yZWEgZm9vZA%3D%3D,2ë…„ ì „,ì¡°íšŒìˆ˜ 17ë§ŒíšŒ,2022-07-02 00:00:00
311,Korea's BEST Street Food?! Night Market in Jeju Island,https://www.youtube.com/watch?v=HGPi_mPc8MQ&t=265s&pp=ygUKa29yZWEgZm9vZA%3D%3D,2ì¼ ì „,ì¡°íšŒìˆ˜ 138ë§ŒíšŒ,2024-06-29 00:00:00
312,ë³´ê¸°ë§Œí•´ë„ ë°¥ í•œê³µê¸° ëšë”±?! í•œêµ­ì¸ì€ ì ˆëŒ€ ëª» ì°¸ëŠ” ë°¥ë„ë‘‘ ëíŒì™• TOP 6 Must Eat Korean Food When Youâ€™re in Korea,https://www.youtube.com/watch?v=8gruNzbq6ng&pp=ygUKa29yZWEgZm9vZA%3D%3D,2ë…„ ì „,ì¡°íšŒìˆ˜ 1ë§ŒíšŒ,2022-07-02 00:00:00
313,"I Tried Korean Street Food in a Traditional Market in Sokcho, Korea",https://www.youtube.com/watch?v=C6Xf8UMGtV8&pp=ygUKa29yZWEgZm9vZA%3D%3D,3ë…„ ì „,ì¡°íšŒìˆ˜ 2050ë§ŒíšŒ,2021-07-02 00:00:00
314,"Korean Street Food - EXTREME SEAFOOD + Must Eat Food in Busan, South Korea!! ğŸ‡°ğŸ‡·",https://www.youtube.com/watch?v=1JIOAUEPYLQ&pp=ygUKa29yZWEgZm9vZA%3D%3D,8ê°œì›” ì „,ì¡°íšŒìˆ˜ 996ë§ŒíšŒ,2023-11-04 00:00:00
315,Korea's Convenience Store: What I Had for Lunch [EP.02] #koreanfood,https://www.youtube.com/shorts/ZAXd6tYX9ZM,9ì¼ ì „,ì¡°íšŒìˆ˜ 412ë§ŒíšŒ,2024-06-22 00:00:00
316,Black Noodle TTeokbokki Cooking Mukbang DONA,https://www.youtube.com/watch?v=_WmLUCJfEXU&pp=ygUKa29yZWEgZm9vZA%3D%3D,3ì¼ ì „,ì¡°íšŒìˆ˜ 989ë§ŒíšŒ,2024-06-28 00:00:00
317,ğŸ‡°ğŸ‡·CVS WHITE FOOD ONLY CHALLENGEğŸ¤ + shopping ğŸ› in Downtown,https://www.youtube.com/watch?v=v-F9O_5r6wk&pp=ygUKa29yZWEgZm9vZA%3D%3D,1ë…„ ì „,ì¡°íšŒìˆ˜ 4.2ì–µíšŒ,2023-07-02 00:00:00
318,24hr eating through KOREAN CONVENIENCE STORE,https://www.youtube.com/watch?v=EbUHp00McHE&pp=ygUKa29yZWEgZm9vZA%3D%3D,3ë…„ ì „,ì¡°íšŒìˆ˜ 1037ë§ŒíšŒ,2021-07-02 00:00:00
319,Eating only Giant food for 24 Hours ğŸ˜±ğŸ˜± | 24 Hours Challenge ğŸ™ˆğŸ˜ | @sosaute #shorts,https://www.youtube.com/shorts/QQ6jPzShhho,2ì¼ ì „,ì¡°íšŒìˆ˜ 17ë§ŒíšŒ,2024-06-29 00:00:00
320,Spicy Seafood Boil Mukbang ë§¤ìš´ ëŒ€ì™•í•´ë¬¼ì°œ ë¨¹ë°© DONA ë„ë‚˜,https://www.youtube.com/watch?v=fpDDV-HNgZ4&pp=ygUKa29yZWEgZm9vZA%3D%3D,2ë…„ ì „,ì¡°íšŒìˆ˜ 4.6ë§ŒíšŒ,2022-07-02 00:00:00
321,ğŸ‡°ğŸ‡·24 HOURS VEGETARIAN FOOD CHALLENGE in KOREA | vlog + cooking ğŸ¥—ğŸŠğŸ¥•,https://www.youtube.com/watch?v=pCo0iR1FjGY&pp=ygUKa29yZWEgZm9vZA%3D%3D,4ì¼ ì „,ì¡°íšŒìˆ˜ 6.5ì²œíšŒ,2024-06-27 00:00:00
322,American Eats BUGS At Korean Market - How Is It!? (Bike Touring Korea Ep#4),https://www.youtube.com/watch?v=UqViD4gfxr4&t=1317s&pp=ygUKa29yZWEgZm9vZA%3D%3D,1ë…„ ì „,ì¡°íšŒìˆ˜ 56ë§ŒíšŒ,2023-07-02 00:00:00
323,"World's Most Famous Korean Bibimbap ğŸ‡°ğŸ‡· Ultimate STREET FOOD Tour in Jeonju, South Korea!",https://www.youtube.com/watch?v=tswqv1FY_2s&pp=ygUKa29yZWEgZm9vZA%3D%3D,2ì£¼ ì „,ì¡°íšŒìˆ˜ 660ë§ŒíšŒ,2024-06-17 00:00:00
324,ë‹¤ì´ì–´íŠ¸ ë ˆì‹œí”¼ #ì–¸ìœ„ì¹˜ #ë‹¤ì´ì–´íŠ¸ #ë ˆì‹œí”¼ #korea #food #cooking #ìš”ë¦¬ #éŸ“å›½æ–™ç† #koreafood #diat #shorts,https://www.youtube.com/shorts/FNR_C0V5knE,2ë…„ ì „,ì¡°íšŒìˆ˜ 154ë§ŒíšŒ,2022-07-02 00:00:00
325,North Koreaâ€™s food crisis: How hungry are people in the hermit kingdom?,https://www.youtube.com/watch?v=AKdU0Ln6cHU&t=95s&pp=ygUKa29yZWEgZm9vZA%3D%3D,1ë…„ ì „,ì¡°íšŒìˆ˜ 9.8ë§ŒíšŒ,2023-07-02 00:00:00
326,"ë¼ì§€ê¼¬ë¦¬ëŠ” ë¬´ì¡°ê±´ ì„œë¹„ìŠ¤! í™”ë ¤í•œ ì¹¼ì§ˆ ì¡±ë°œë‹¬ì¸ ë¶€ë¶€ì˜ ì–‘ ë§ê³  ì €ë ´í•œ ì¡±ë°œ, í¸ìœ¡, ë¼ì§€ë¨¸ë¦¬",https://www.youtube.com/watch?v=kQ6mYT2JD6E&pp=ygUKa29yZWEgZm9vZA%3D%3D,9ê°œì›” ì „,ì¡°íšŒìˆ˜ 3.1ë§ŒíšŒ,2023-10-05 00:00:00
327,Eating NORTH KOREAN FOODS for 24 hours!!! (so delicious!!),https://www.youtube.com/watch?v=lTSnz-NRe9s&pp=ygUKa29yZWEgZm9vZA%3D%3D,1ë…„ ì „,ì¡°íšŒìˆ˜ 37ë§ŒíšŒ,2023-07-02 00:00:00
328,âœ¨ Best Korean Food Recipes ğŸ™Fast - EasyğŸ± Part 2,https://www.youtube.com/watch?v=w6GYQXao7qQ&pp=ygUKa29yZWEgZm9vZA%3D%3D,4ê°œì›” ì „,ì¡°íšŒìˆ˜ 3.4ë§ŒíšŒ,2024-03-03 00:00:00
329,Korean Food Truck In Mumbai #shorts,https://www.youtube.com/shorts/1T7D-sFTZj8,1ë…„ ì „,ì¡°íšŒìˆ˜ 125ë§ŒíšŒ,2023-07-02 00:00:00
330,ğŸ‡°ğŸ‡· Korean Halal Food in Korea?!,https://www.youtube.com/watch?v=XPIk_tYcex4&pp=ygUKa29yZWEgZm9vZA%3D%3D,1ë…„ ì „,ì¡°íšŒìˆ˜ 2164ë§ŒíšŒ,2023-07-02 00:00:00
331,making korean food at the CIA #everythingkimchi #shorts,https://www.youtube.com/shorts/tl3zmCxCCFU,11ì¼ ì „,ì¡°íšŒìˆ˜ 82ë§ŒíšŒ,2024-06-20 00:00:00
332,KFC New Korean Chicken Popcorn Review ğŸ˜± | Fast Food New Launches ğŸ˜,https://www.youtube.com/shorts/cWIoFSv4rIU,1ë…„ ì „,ì¡°íšŒìˆ˜ 51ë§ŒíšŒ,2023-07-02 00:00:00
333,"[AMERICA vs INDIA vs KOREA] People Try Each Other's Chicken!! FRIED, SPICY, TANDOORI (ASMR MUKBANG)",https://www.youtube.com/watch?v=cSK6bbZjMOM&pp=ygUKa29yZWEgZm9vZA%3D%3D,4ì¼ ì „,ì¡°íšŒìˆ˜ 17ë§ŒíšŒ,2024-06-27 00:00:00
334,"ë¯¸êµ­ ì„œë¶€ ìŠ¤íƒ€ì¼, íŠ¸ë¦¬í”Œ ì•„ë©”ë¦¬ì¹´ ì¹˜ì¦ˆ ë²„ê±°! / American West Style, Triple American Cheeseburger!",https://www.youtube.com/watch?v=XHIsj7yDcYk&pp=ygUKa29yZWEgZm9vZA%3D%3D,2ì¼ ì „,ì¡°íšŒìˆ˜ 3.6ë§ŒíšŒ,2024-06-29 00:00:00
335,Eating Only KOREAN Food For 25 Hours Challenge  ğŸ˜±ğŸ˜± | @sosaute,https://www.youtube.com/watch?v=DK0T6twxTM4&pp=ygUKa29yZWEgZm9vZA%3D%3D,2ë…„ ì „,ì¡°íšŒìˆ˜ 786ë§ŒíšŒ,2022-07-02 00:00:00
336,Super Cheap Foods in a Korean University,https://www.youtube.com/watch?v=4sSh5mk1fXk&pp=ygUKa29yZWEgZm9vZA%3D%3D,1ë…„ ì „,ì¡°íšŒìˆ˜ 41íšŒ,2023-07-02 00:00:00
337,Amazing Korea Famous Food Videos Collection - Korean Street Food / ì „êµ­ëŒ€í‘œë§›ì§‘ ëª°ì•„ë³´ê¸° ë”œë¼ì´íŠ¸,https://www.youtube.com/watch?v=IPzuZ78il40&pp=ygUKa29yZWEgZm9vZA%3D%3D,1ë…„ ì „,ì¡°íšŒìˆ˜ 31ë§ŒíšŒ,2023-07-02 00:00:00
338,í•´ì‚°ë¬¼ FLEX ğŸ™ ë¬¸ì–´ ëìŠ¤í„° ì˜¤ì§•ì–´ íŒ½ì´ë²„ì„¯ í•´ë¬¼ì°œ Octopus Lobster Enoki Mushrooms Seafood Boil Mukbang ASMR Ssoyoung,https://www.youtube.com/watch?v=8vgFdVsg26Y&pp=ygUKa29yZWEgZm9vZA%3D%3D,2ê°œì›” ì „,ì¡°íšŒìˆ˜ 62ë§ŒíšŒ,2024-05-02 00:00:00
339,ì–´ë¬µêµ­ìˆ˜ #ì–´ë¬µ #êµ­ìˆ˜ #ë©´ #ìœ¡ìˆ˜ #korea #food #noodle #shorts #ì‡¼ì¸ ,https://www.youtube.com/shorts/iac9vyYICVE,3ë…„ ì „,ì¡°íšŒìˆ˜ 6355ë§ŒíšŒ,2021-07-02 00:00:00
340,Eating Korean Food for 24 Hours ğŸ˜ || Korean Food  Challenge,https://www.youtube.com/watch?v=-UxPe8LGGmc&pp=ygUKa29yZWEgZm9vZA%3D%3D,1ë…„ ì „,ì¡°íšŒìˆ˜ 410íšŒ,2023-07-02 00:00:00
341,Korean Reviews Korean Food in Manila! ğŸ‡°ğŸ‡·ğŸ‡µğŸ‡­ | PABORITO in Malate,https://www.youtube.com/watch?v=A7eP7L3AQM0&pp=ygUKa29yZWEgZm9vZA%3D%3D,1ë…„ ì „,ì¡°íšŒìˆ˜ 10ë§ŒíšŒ,2023-07-02 00:00:00
342,Korean Convenience Store Food Mukbang í•˜ì´ìœ ì˜ í¸ì˜ì  ìŒì‹ ë¨¹ë°© ëª¨ìŒ! ì»µë¼ë©´ ë„ì‹œë½ ì‚¼ê°ê¹€ë°¥ ë””ì €íŠ¸ REAL SOUND | HIU í•˜ì´ìœ ,https://www.youtube.com/watch?v=fqsqZnymE3w&pp=ygUKa29yZWEgZm9vZA%3D%3D,2ì£¼ ì „,ì¡°íšŒìˆ˜ 58ë§ŒíšŒ,2024-06-17 00:00:00
343,#korea #food #deliciousfood #koreafood #yummy #koreafoodie #ë§›ìˆì–´ìš” #í•œêµ­ìŒì‹ #ì§¬ë½•,https://www.youtube.com/shorts/b9RCo6cKSa4,1ë…„ ì „,ì¡°íšŒìˆ˜ 79ë§ŒíšŒ,2023-07-02 00:00:00
344,êµ°ì¹¨ì´ ë‚˜ì˜¤ëŠ” ì—­ëŒ€ê¸‰ ë¹„ì£¼ì–¼ì˜ í–„ë²„ê±° í”¼ì BEST ì˜ìƒ ëª°ì•„ë³´ê¸°,https://www.youtube.com/watch?v=dyZn-vspZAo&pp=ygUKa29yZWEgZm9vZA%3D%3D,4ì¼ ì „,ì¡°íšŒìˆ˜ 966ë§ŒíšŒ,2024-06-27 00:00:00
345,"Trying NEW ASIAN FOOD at COSTCO 2023! (milk tea, korean fried chicken, egg tart, pho soup dumplings)",https://www.youtube.com/watch?v=mF7UgFr26cc&pp=ygUKa29yZWEgZm9vZA%3D%3D,1ê°œì›” ì „,ì¡°íšŒìˆ˜ 976ë§ŒíšŒ,2024-06-01 00:00:00
346,"ë³µë‚  ëŒ€ë¹„ ì™•ê°ˆë¹„íƒ•&ì‚¼ê³„íƒ• â˜† ê³ ì¶”ì¥ì•„ì°Œ,ì¥ì¡°ë¦¼ ë°˜ì°¬",https://www.youtube.com/watch?v=xg1Dkrdo7CM&pp=ygUKa29yZWEgZm9vZA%3D%3D,2ë…„ ì „,ì¡°íšŒìˆ˜ 1176ë§ŒíšŒ,2022-07-02 00:00:00
347,4000ì›ì§œë¦¬ ì§œì¥ë©´ / korean black noodle - jjajangmyeon / korean street food,https://www.youtube.com/watch?v=DYCjSTN3UtI&pp=ygUKa29yZWEgZm9vZA%3D%3D,2ì¼ ì „,ì¡°íšŒìˆ˜ 2.1ë§ŒíšŒ,2024-06-29 00:00:00
348,í•œêµ­ í¸ì˜ì  ìŒì‹ DONA ë¨¹ë°©,https://www.youtube.com/watch?v=inFBER6n1QA&pp=ygUKa29yZWEgZm9vZA%3D%3D,3ë…„ ì „,961ëª… ì‹œì²­ ì¤‘,2021-07-02 00:00:00
349,ğŸ‡°ğŸ‡·CVS GREEN FOOD CHALLENGE ONLY| vlogğŸ’š,https://www.youtube.com/watch?v=9d5hLwQXuko&pp=ygUKa29yZWEgZm9vZA%3D%3D,2ë…„ ì „,ì¡°íšŒìˆ˜ 81ë§ŒíšŒ,2022-07-02 00:00:00
350,ë¹µë•í›„ë“¤ ì§‘ì¤‘! ë§¤ì¼ 500ê°œì”© êµ½ëŠ” ì œì£¼ ë¹µì§€ìˆœë¡€ ì„±ì§€! ì œì£¼ê³µí•­ê·¼ì²˜ ë² ì´ì»¤ë¦¬ì¹´í˜ ë¶ì„±ë¡œ42ë² ì´ì»¤ë¦¬,https://www.youtube.com/watch?v=dZgrBJf0y18&pp=ygUKa29yZWEgZm9vZA%3D%3D,12ë…„ ì „,ì¡°íšŒìˆ˜ 456ë§ŒíšŒ,2012-07-04 00:00:00
351,ASMR MUKBANG ì§ì ‘ ë§Œë“  ëŒ€ì™• ê°€ë˜ë–¡ ë–¡ë³¶ì´ ë¶ˆë‹­ë³¶ìŒë©´ ì†Œì„¸ì§€ í•«ë„ê·¸ ë¨¹ë°© & ë ˆì‹œí”¼ FIRE NOODLES AND Tteokbokki EATING SOUND!,https://www.youtube.com/watch?v=a7HafvHbtFU&pp=ygUKa29yZWEgZm9vZA%3D%3D,1ë…„ ì „,ì¡°íšŒìˆ˜ 7.9ë§ŒíšŒ,2023-07-02 00:00:00
352,24 Hours eating ONLY H-Mart Korean Grocery Store Food,https://www.youtube.com/watch?v=8ztsrqieUck&pp=ygUKa29yZWEgZm9vZA%3D%3D,1ë…„ ì „,ì¡°íšŒìˆ˜ 153ë§ŒíšŒ,2023-07-02 00:00:00
353,"ğŸ‡°ğŸ‡·KOREAN VEGETARIAN FOOD COOKING + GROCERIES, BTS MERCH SHOPPING | vlog",https://www.youtube.com/watch?v=fL-KoQD3pLA&pp=ygUKa29yZWEgZm9vZA%3D%3D,3ë…„ ì „,ì¡°íšŒìˆ˜ 704ë§ŒíšŒ,2021-07-02 00:00:00
354,ì „êµ­ ê¸¸ê±°ë¦¬ìŒì‹ ë‹¬ì¸ì˜ ë§›ì§‘ ëª°ì•„ë³´ê¸°! / TOP 5 best korean food master / korean street food,https://www.youtube.com/watch?v=LXwvXnO6QWU&pp=ygUKa29yZWEgZm9vZA%3D%3D,2ë…„ ì „,ì¡°íšŒìˆ˜ 711íšŒ,2022-07-02 00:00:00
355,ê±´ê°•í•œ í•œêµ­ ëŒì†¥ ë¹„ë¹”ë°¥ & ë¹„ë¹”ë°¥ ë§Œë“œëŠ” ë²•,https://www.youtube.com/watch?v=aj9_FPyLT2Y&pp=ygUKa29yZWEgZm9vZA%3D%3D,5ì¼ ì „,ì¡°íšŒìˆ˜ 17ë§ŒíšŒ,2024-06-26 00:00:00
356,í•œêµ­ ì•„ì´ëŒ ë§Œë‚˜ê³  í™€ë”± ë°˜í•´ë²„ë¦° ì˜êµ­ ëŒ€í•™ìƒë“¤!!,https://www.youtube.com/watch?v=asYSYUJJwx0&pp=ygUKa29yZWEgZm9vZA%3D%3D,13ì¼ ì „,ì¡°íšŒìˆ˜ 635ë§ŒíšŒ,2024-06-18 00:00:00
357,#korea #food #7eleven,https://www.youtube.com/shorts/mJF7PrCdmPU,4ì¼ ì „,ì¡°íšŒìˆ˜ 638ë§ŒíšŒ,2024-06-27 00:00:00
358,êµ¬ë‚´ì‹ë‹¹ íšŒì‚¬ì› ê¸‰ì‹ 184ì¼ì°¨ #korea #foodie #korean #yummy #seoul #mukbang,https://www.youtube.com/shorts/IT_KcMxU9ZY,3ë…„ ì „,ì¡°íšŒìˆ˜ 12ë§ŒíšŒ,2021-07-02 00:00:00
359,íƒœì–´ë‚˜ì„œ ì²˜ìŒ ê°„ PCë°©ì—ì„œ ì‹ ì„¸ê³„ ë§Œë‚œ ì˜êµ­ ê³ ë“±í•™ìƒë“¤ì˜ ë°˜ì‘!,https://www.youtube.com/watch?v=dpT5-kwq3gQ&pp=ygUKa29yZWEgZm9vZA%3D%3D,1ë…„ ì „,ì¡°íšŒìˆ˜ 443íšŒ,2023-07-02 00:00:00
360,"í¬ì¥ë§ˆì°¨ ë–¡ë³¶ì´, íŠ€ê¹€,ìˆœëŒ€ ì• ë‹ˆë¨¹ë°© / Korean street food (Tteokbokki&Gimbab)  Mukbang Animation ASMR /foomuk/í‘¸ë¨¹",https://www.youtube.com/watch?v=963qvnoSYuA&pp=ygUKa29yZWEgZm9vZA%3D%3D,3ì£¼ ì „,ì¡°íšŒìˆ˜ 596ë§ŒíšŒ,2024-06-10 00:00:00
361,My Korean sister loves Polish foods ğŸ‡µğŸ‡±,https://www.youtube.com/shorts/5Jsn8gGKFoM,1ë…„ ì „,ì¡°íšŒìˆ˜ 604ë§ŒíšŒ,2023-07-02 00:00:00
362,ë‹¨ì§  ë°ë¦¬ì•¼ë¼ë‹­êµ¬ì´ [ì—„ë§ˆ ë‚˜ ì´ë ‡ê²Œ ë¨¹ì–´] #korea #food #shorts,https://www.youtube.com/shorts/rSr1as6Qbyo,3ë…„ ì „,ì¡°íšŒìˆ˜ 1ë§ŒíšŒ,2021-07-02 00:00:00
363,Seul-gi MUKBANG Korea food / Stop Motion Paper EATING Show,https://www.youtube.com/watch?v=-CNLnymtSjY&pp=ygUKa29yZWEgZm9vZA%3D%3D,3ì¼ ì „,ì¡°íšŒìˆ˜ 4529ë§ŒíšŒ,2024-06-28 00:00:00
364,í‘ë¼ì§€ ì‚¼ê²¹ì‚´ + ê¹€ì¹˜ë³¶ìŒë°¥ ì²˜ìŒ ë¨¹ì–´ë³¸ ë² ì»´ í˜•ë‹˜ì˜ ë°˜ì‘!!?,https://www.youtube.com/watch?v=Otlyu8-wE2A&pp=ygUKa29yZWEgZm9vZA%3D%3D,1ë…„ ì „,ì¡°íšŒìˆ˜ 22ë§ŒíšŒ,2023-07-02 00:00:00
365,"Hotteok, Street Food Haeundae Market #busan #haeundae #haeundaemarket #busan #ë¶€ì‚° #í˜¸ë–¡ #korea",https://www.youtube.com/shorts/ZJU0hXURw1Q,3ë…„ ì „,ì¡°íšŒìˆ˜ 335ë§ŒíšŒ,2021-07-02 00:00:00
366,"ë¦¬ì–¼ë¨¹ë°©:) ë°¤ëŠ¦ê²Œ ë¨¹ëŠ” ë–¡ë§Œë‘ ë¼ë©´!!â˜… ë””ì €íŠ¸ëŠ” ì˜¤ë Œì§€ã…£Spicy Ramyun with Tteok, Mandooã…£REAL SOUNDã…£ASMR MUKBANGã…£",https://www.youtube.com/watch?v=YZ9kLOzSFGI&pp=ygUKa29yZWEgZm9vZA%3D%3D,8ì¼ ì „,ì¡°íšŒìˆ˜ 4.5ë§ŒíšŒ,2024-06-23 00:00:00
367,I had the worst Indian Food in South Korea! Never going to that restaurant again! #indianinkorea,https://www.youtube.com/shorts/uRaev7ZS8uo,3ì¼ ì „,ì¡°íšŒìˆ˜ 733ë§ŒíšŒ,2024-06-28 00:00:00
368,TRADITIONAL Korean STREET FOOD Market Tour in Busan South Korea,https://www.youtube.com/watch?v=FTXP4NFW1Jc&pp=ygUKa29yZWEgZm9vZA%3D%3D,6ê°œì›” ì „,ì¡°íšŒìˆ˜ 185ë§ŒíšŒ,2024-01-03 00:00:00
369,Korean university breakfast pt 73 #estudiarencorea #food #koreauniversity,https://www.youtube.com/shorts/wUoYaANwOf8,9ì¼ ì „,ì¡°íšŒìˆ˜ 26ë§ŒíšŒ,2024-06-22 00:00:00
370,"ë¦¬ì–¼ë¨¹ë°©â–¶ëŒíŒì— ì˜¬ë¦° ì‚¼ì„ ì§œì¥ë©´â˜†ì—„ë§ˆ ì§‘ì—ì„œ íŒŒê¹€ì¹˜,ì„ë°•ì§€ ìˆ˜í˜ˆğŸ¤£ã…£Jjajangmyeon & Kimchiã…£MUKBANGã…£",https://www.youtube.com/watch?v=ZCyPYg2rzAM&pp=ygUKa29yZWEgZm9vZA%3D%3D,4ë…„ ì „,ì¡°íšŒìˆ˜ 1399ë§ŒíšŒ,2020-07-02 00:00:00
371,Seoul KOREA ì„œìš¸ì—¬í–‰ | ì™¸êµ­ì¸ ê´€ê´‘ê° ì„ í˜¸ 1ìˆœìœ„ ëª…ë™ ê±°ë¦¬ íƒë°© | ëœì„ íˆ¬ì–´ [4K UHD],https://www.youtube.com/watch?v=NxcL7gydx1U&pp=ygUKa29yZWEgZm9vZA%3D%3D,3ë…„ ì „,ì¡°íšŒìˆ˜ 637ë§ŒíšŒ,2021-07-02 00:00:00
372,Ich teste Korean Street Food auf dem berÃ¼hmten Gwangjang Market!,https://www.youtube.com/watch?v=hWUkV8ymv9U&pp=ygUKa29yZWEgZm9vZA%3D%3D,2ê°œì›” ì „,ì¡°íšŒìˆ˜ 5.2ì²œíšŒ,2024-05-02 00:00:00
373,ì¤„ì„œì„œ ë¨¹ëŠ” ì¥ë‚  ê°€ë§ˆì†¥ í†µë‹­ / korean fried chicken - korean street food,https://www.youtube.com/watch?v=8tvYgSYLOUs&pp=ygUKa29yZWEgZm9vZA%3D%3D,1ë…„ ì „,ì¡°íšŒìˆ˜ 4364ë§ŒíšŒ,2023-07-02 00:00:00
374,í–„ì¹˜ì¦ˆ ê³„ë€ í† ìŠ¤íŠ¸ ( 2.28 USD ) - í•œêµ­ ê¸¸ê±°ë¦¬ ìŒì‹,https://www.youtube.com/shorts/eVlAUjYd7mg,4ë…„ ì „,ì¡°íšŒìˆ˜ 135ë§ŒíšŒ,2020-07-02 00:00:00
375,I Cooked Korean Food in Germany!,https://www.youtube.com/shorts/fVgpPGSvirU,1ë…„ ì „,ì¡°íšŒìˆ˜ 2947ë§ŒíšŒ,2023-07-02 00:00:00
376,ì•„ì´ìŠ¤í¬ë¦¼ì„ ê³ë“¤ì¸ ìƒì„  ëª¨ì–‘ì˜ ë¹µ - í•œêµ­ ê¸¸ê±°ë¦¬ ìŒì‹,https://www.youtube.com/shorts/OROrKtYYAs8,3ì¼ ì „,ì¡°íšŒìˆ˜ 6.3ë§ŒíšŒ,2024-06-28 00:00:00
377,Eating only Korean food for 24 hoursğŸ‡°ğŸ‡·,https://www.youtube.com/watch?v=Al6m5Un0RpA&pp=ygUKa29yZWEgZm9vZA%3D%3D,6ì¼ ì „,ì¡°íšŒìˆ˜ 664ë§ŒíšŒ,2024-06-25 00:00:00
378,ASMR MUKBANG í¸ì˜ì  í•µë¶ˆë‹­ ë¯¸ë‹ˆ!! ë–¡ë³¶ì´ & í•«ë„ê·¸ & ì¹˜ì¦ˆ í”¼ì FIRE Noodle & HOT DOG & CHEESE PIZZA EATING SOUND!,https://www.youtube.com/watch?v=-0GefzJBm-c&pp=ygUKa29yZWEgZm9vZA%3D%3D,3ë…„ ì „,ì¡°íšŒìˆ˜ 3728ë§ŒíšŒ,2021-07-02 00:00:00
379,"ë³´ê¸°ë§Œí•´ë„ íë§ë˜ëŠ” í•œêµ­ì¸ì˜ ì†Œìš¸í‘¸ë“œâ¤ï¸ ì‚¼ê²¹ì‚´, ì¡±ë°œ, ëˆê¹ŒìŠ¤, ë¶€ëŒ€ì°Œê°œ,  ì‚¼ê³„íƒ•ê¹Œì§€ ë‹¤ ëª¨ì•˜ë‹¤!",https://www.youtube.com/watch?v=q0_UtWpkEe8&pp=ygUKa29yZWEgZm9vZA%3D%3D,1ë…„ ì „,ì¡°íšŒìˆ˜ 150ë§ŒíšŒ,2023-07-02 00:00:00
380,íƒ€ì½”ì•¼ë¼ ë‹¬ì¸ / Amazing skill of Takoyaki Master / korean street food,https://www.youtube.com/watch?v=Kki-cUV_FCs&pp=ygUKa29yZWEgZm9vZA%3D%3D,7ì¼ ì „,ì¡°íšŒìˆ˜ 442íšŒ,2024-06-24 00:00:00
381,ì´íƒˆë¦¬ì•ˆ ë”ë¸” ì¹˜ì¦ˆ í”¼ì / Italian double cheese pizza - korean street food,https://www.youtube.com/watch?v=4GzxPw6-rLM&pp=ygUKa29yZWEgZm9vZA%3D%3D,1ê°œì›” ì „,ì¡°íšŒìˆ˜ 1686ë§ŒíšŒ,2024-06-01 00:00:00
382,MR. QUEEN | THE BIRTH OF KOREA'S FOOD DELIVERY | ALL ABOUT K,https://www.youtube.com/watch?v=BXflv-aI7QM&pp=ygUKa29yZWEgZm9vZA%3D%3D,2ë…„ ì „,ì¡°íšŒìˆ˜ 13ë§ŒíšŒ,2022-07-02 00:00:00
383,ê²‰ì ˆì´ ê¹€ì¹˜ [ì—„ë§ˆ ë‚˜ ì´ë ‡ê²Œ ë¨¹ì–´] #korea #food #kimchi #shorts,https://www.youtube.com/shorts/1fJ433INhEs,2ë…„ ì „,ì¡°íšŒìˆ˜ 46íšŒ,2022-07-02 00:00:00
384,ğŸ¥šğŸ¯ğŸ–ğŸŸğŸğŸŸğŸ§‹ğŸ˜‹ MIYU ASMR #asmr #asmreating #asmrfood #mukbang #miyuasmr,https://www.youtube.com/shorts/1kFQLYtT78k,6ì¼ ì „,ì¡°íšŒìˆ˜ 84ë§ŒíšŒ,2024-06-25 00:00:00
385,shopping in korea vlog ğŸ‡°ğŸ‡· grocery food haul with prices ğŸ‘ cheap or expensive? ğŸ’¸ğŸ’¸,https://www.youtube.com/watch?v=ikm9yR1Sym4&pp=ygUKa29yZWEgZm9vZA%3D%3D,1ë…„ ì „,ì¡°íšŒìˆ˜ 964ë§ŒíšŒ,2023-07-02 00:00:00
386,#korea #food #music #ë§›ì§‘ #ë°¥ì²˜ëŸ¼ìŒì•…ì²˜ëŸ¼ #ìˆë°¥ìŠ¤ #íŒŒ #ëŒ€íŒŒ #í•˜íŠ¸ #heart #love #êµ¬ë… #ì¢‹ì•„ìš”,https://www.youtube.com/shorts/oRRx3zqFSco,1ì¼ ì „,ì¡°íšŒìˆ˜ 3.3ì²œíšŒ,2024-06-30 00:00:00
387,ASMR MUKBANG ì§ì ‘ ë§Œë“  ì–‘ë… ì¹˜í‚¨ë¨¹ë°©! ìŠ¤í…Œì´í¬ ì§œíŒŒê²Œí‹° ë ˆì‹œí”¼ & ë¨¹ë°© FRIED SHRIMP AND BLACK BEAN NOODLES EATING SOUND!,https://www.youtube.com/watch?v=_MpNxwcu0mA&pp=ygUKa29yZWEgZm9vZA%3D%3D,2ì£¼ ì „,ì¡°íšŒìˆ˜ 1901ë§ŒíšŒ,2024-06-17 00:00:00
388,ğŸ‡°ğŸ‡·CVS FOOD ONLY FOR 24 HOURS | challenge vlog,https://www.youtube.com/watch?v=e90z2gIkFeA&pp=ygUKa29yZWEgZm9vZA%3D%3D,3ì¼ ì „,ì¡°íšŒìˆ˜ 457ë§ŒíšŒ,2024-06-28 00:00:00
389,Lika liku kerja di koreağŸ‡°ğŸ‡· #korea #koreafuny #koreafood #koreancuisine #koreaviral #food,https://www.youtube.com/shorts/v-ApzRIfG3M,1ë…„ ì „,ì¡°íšŒìˆ˜ 534ë§ŒíšŒ,2023-07-02 00:00:00
390,ë¶ˆë‹­ ğŸ”¥ ë¬¸ì–´ ë‚™ì§€ í•´ë¬¼ ë³¶ìŒë©´ ğŸ™ Spicy Buldak Sauce Octopus Seafood Boil & Korean Ramen Mukbang ASMR Ssoyoung,https://www.youtube.com/watch?v=aJe3BUkP4AE&pp=ygUKa29yZWEgZm9vZA%3D%3D,3ì¼ ì „,ì¡°íšŒìˆ˜ 4.7ì²œíšŒ,2024-06-28 00:00:00
391,â€œì‚¼ì¼ê°„ ìˆ™ì„±ì‹œí‚¨ ë„ìš°ë§Œ ì‚¬ìš©í•´ìš”â€ íŠ¸ëŸ­ì—ì„œ ë§Œë“¤ì–´ì§€ëŠ” ì´íƒˆë¦¬ì•ˆ í™”ë•í”¼ì / Italian Pizza Baked in a Truck - Korean Food [ASMR],https://www.youtube.com/watch?v=lhSV2HfX__E&pp=ygUKa29yZWEgZm9vZA%3D%3D,8ê°œì›” ì „,ì¡°íšŒìˆ˜ 47ë§ŒíšŒ,2023-11-04 00:00:00
392,[INDIA VS KOREA VS AMERICA] People Try Each Other's School Lunch!! (Swap School Lunch) | FT. X:IN,https://www.youtube.com/watch?v=cshCHGpp7vQ&pp=ygUKa29yZWEgZm9vZA%3D%3D,2ì£¼ ì „,ì¡°íšŒìˆ˜ 1941ë§ŒíšŒ,2024-06-17 00:00:00
393,ì—½ë–¡ì—ì„œ ë§Œë“  ë‘ë²ˆì§¸ ë§›ì§‘? #ë³´ë”ë‹¹ #ì—½ë‹­ #ì—½ë–¡ #spicyfood #koreafood #ì•¼ì‹,https://www.youtube.com/shorts/Bkfq4si-0J8,1ë…„ ì „,ì¡°íšŒìˆ˜ 758ë§ŒíšŒ,2023-07-02 00:00:00
394,Only Eating _____ Ice Creams From a Korean Convenience Store! Part 5,https://www.youtube.com/shorts/NUkSbeTtZHE,6ê°œì›” ì „,ì¡°íšŒìˆ˜ 1.7ë§ŒíšŒ,2024-01-03 00:00:00
395,Only eating Indian food for a full day! #foodie #shorts #indianfood #india #eating,https://www.youtube.com/shorts/QZmDvHw4M3Q,1ë…„ ì „,ì¡°íšŒìˆ˜ 594ë§ŒíšŒ,2023-07-02 00:00:00
396,ğŸ‡°ğŸ‡· CVS FOOD CHALLENGE | BLACK FOOD ONLY ~ vlog,https://www.youtube.com/watch?v=ibEcjMrImjs&pp=ygUKa29yZWEgZm9vZA%3D%3D,3ë…„ ì „,ì¡°íšŒìˆ˜ 3.4ì²œíšŒ,2021-07-02 00:00:00
397,7-Eleven Japan VS AUS VS Korea #7eleven #conveniencestore,https://www.youtube.com/shorts/91WP-eJ41OU,1ë…„ ì „,ì¡°íšŒìˆ˜ 5478ë§ŒíšŒ,2023-07-02 00:00:00
398,ASMR MUKBANG í¸ì˜ì  ë¶ˆë‹­ë³¶ìŒë©´ ë–¡ë³¶ì´ í•«ë„ê·¸ ë¨¹ë°© & ë ˆì‹œí”¼ FIRE NOODLES AND Tteokbokki EATING SOUND!,https://www.youtube.com/watch?v=Tg5wGc3VDDg&pp=ygUKa29yZWEgZm9vZA%3D%3D,13ì¼ ì „,ì¡°íšŒìˆ˜ 434íšŒ,2024-06-18 00:00:00
399,"LA vlog | what i eat in CA | korean food, tteokbokki, bingsoo, sashimi, old ferry donut, ice cream",https://www.youtube.com/shorts/_zwRfihal-w,13ì¼ ì „,ì¡°íšŒìˆ˜ 68ë§ŒíšŒ,2024-06-18 00:00:00
400,ASMR MUKBANG í¸ì˜ì  í•µë¶ˆë‹­ ë¯¸ë‹ˆ!! ë–¡ë³¶ì´ & í•«ë„ê·¸ & ê¹€ë°¥ FIRE Noodle & HOT DOG & GIMBAP EATING SOUND!,https://www.youtube.com/watch?v=Ga6Uu00JNC4&pp=ygUKa29yZWEgZm9vZA%3D%3D,1ë…„ ì „,ì¡°íšŒìˆ˜ 1.1ì–µíšŒ,2023-07-02 00:00:00
401,ì—„ë§ˆë‘ ì£¼ë§ ë°ì´íŠ¸ #koreafood #food #yummy #korea #pizza #kfood #ë¨¹ë°© #salad #friedrice #restaurant,https://www.youtube.com/shorts/47WXy6x7x1M,2ì£¼ ì „,ì¡°íšŒìˆ˜ 1900ë§ŒíšŒ,2024-06-17 00:00:00
402,FOOD SWAP: Korean Food & Malaysian Food,https://www.youtube.com/watch?v=J4Ct-FJN6B0&pp=ygUKa29yZWEgZm9vZA%3D%3D,4ì¼ ì „,ì¡°íšŒìˆ˜ 757ë§ŒíšŒ,2024-06-27 00:00:00
403,Street food pastry #shorts #foodshorts #nafizafood #food #youtubeshorts,https://www.youtube.com/shorts/PFRW8P7HjOs,6ì¼ ì „,ì¡°íšŒìˆ˜ 44ë§ŒíšŒ,2024-06-25 00:00:00
404,ASMR MUKBANG ì§ì ‘ ë§Œë“  ë¶ˆë‹­ ì§œì¥ ë²„ì„¯ ì–‘ë…ì¹˜í‚¨ ì†Œì„¸ì§€ ë¨¹ë°© & ë ˆì‹œí”¼ FRIED CHICKEN AND FIRE NOODLES EATING SOUND!,https://www.youtube.com/watch?v=3NBnUqK1Jg0&pp=ygUKa29yZWEgZm9vZA%3D%3D,13ë…„ ì „,ì¡°íšŒìˆ˜ 71ë§ŒíšŒ,2011-07-05 00:00:00
405,"Yummy BIG Burgers, Hand Pressed - Korean Street Food #shortsvideo",https://www.youtube.com/shorts/_0MvsDlEesk,2ê°œì›” ì „,ì¡°íšŒìˆ˜ 12ë§ŒíšŒ,2024-05-02 00:00:00
406,Surviving on Delivery Food in Korea for 48 Hours,https://www.youtube.com/watch?v=tMBF6NOh7Y4&pp=ygUKa29yZWEgZm9vZA%3D%3D,6ì¼ ì „,ì¡°íšŒìˆ˜ 9.8ì²œíšŒ,2024-06-25 00:00:00
407,CanBroke | FOODTOUR DURCH KOREA | Wie schmeckt der DÃ¶ner?,https://www.youtube.com/watch?v=zOrwKjzv0V4&pp=ygUKa29yZWEgZm9vZA%3D%3D,3ì£¼ ì „,ì¡°íšŒìˆ˜ 1.2ì–µíšŒ,2024-06-10 00:00:00
408,Korea food Mukbang with mamamoo solar! Makes me feel healthy just by looking~,https://www.youtube.com/watch?v=eWOuCx8ozWM&pp=ygUKa29yZWEgZm9vZA%3D%3D,1ë…„ ì „,ì¡°íšŒìˆ˜ 413íšŒ,2023-07-02 00:00:00
409,korean ë§›ìˆëŠ” food #korea #food #ë§›ì§‘ #ë§›ìˆëŠ” #koreantourism #mukbang #ë¨¹ë°© #ë¨¹ë°©asmr #delicious #tryit #food,https://www.youtube.com/shorts/wzpSgJaa_9A,2ë…„ ì „,ì¡°íšŒìˆ˜ 11ë§ŒíšŒ,2022-07-02 00:00:00
410,ìˆ˜ì œ ë² ì´ì»¨ ë²„ê±° - í•œêµ­ ê¸¸ê±°ë¦¬ ìŒì‹ #shortsvideo,https://www.youtube.com/shorts/4SkKjPSpUVs,2ì£¼ ì „,ì¡°íšŒìˆ˜ 834ë§ŒíšŒ,2024-06-17 00:00:00
411,ëŒ€êµ¬ ë¬´ì¹¨íšŒ #food #ë¨¹ë°© #koreafood #latteart #korea #ë§›ì§‘ #kfood #ì—„ë§ˆë‘ë°ì´íŠ¸ #ì—„ë§ˆë‘,https://www.youtube.com/shorts/CukI0qdsL4M,7ì¼ ì „,ì¡°íšŒìˆ˜ 8319ë§ŒíšŒ,2024-06-24 00:00:00
412,Trying KOREAN RAMEN ğŸœ Hostel cooking chaos âœ¨  #mbbs #collegelife #aiims,https://www.youtube.com/shorts/ttcZ7oANZi0,1ë…„ ì „,ì¡°íšŒìˆ˜ 1598ë§ŒíšŒ,2023-07-02 00:00:00
413,"250ì› ë§Œë‘ë¶€í„°! í•˜ë£¨ 6000ê°œ íŒë§¤í•˜ëŠ”? ì—­ëŒ€ê¸‰ ê°“ì„±ë¹„ ë§Œë‘ì§‘ ëª°ì•„ë³´ê¸° TOP5 / TOP5, Korean dumpling master / Korean street food",https://www.youtube.com/watch?v=KQ9PX6R96gM&pp=ygUKa29yZWEgZm9vZA%3D%3D,6ë…„ ì „,ì¡°íšŒìˆ˜ 8.9ë§ŒíšŒ,2018-07-03 00:00:00
414,ASMR MUKBANG| ì§ì ‘ ë§Œë“  ë¶ˆë‹­ ì§œì¥ ë²„ì„¯ ì–‘ë…ì¹˜í‚¨ ì†Œì„¸ì§€ ë¨¹ë°© & ë ˆì‹œí”¼ SPICY MUSHROOMS AND FIRE NOODLES EATING,https://www.youtube.com/watch?v=MGl94QWpvl0&pp=ygUKa29yZWEgZm9vZA%3D%3D,5ë…„ ì „,ì¡°íšŒìˆ˜ 169ë§ŒíšŒ,2019-07-03 00:00:00
415,Korean Convenience Store Food Mukbang ì§œì¥ë¼ë©´ ì¹˜í‚¨ ê¹€ë°¥ ë§Œë‘ ì•¼ì™¸ í¸ì˜ì ìŒì‹ ë¨¹ë°©! CVS EATING SHOW | HIU í•˜ì´ìœ ,https://www.youtube.com/watch?v=JPfdnwvXdzU&pp=ygUKa29yZWEgZm9vZA%3D%3D,1ë…„ ì „,ì¡°íšŒìˆ˜ 4956ë§ŒíšŒ,2023-07-02 00:00:00
416,ì–µ ì†Œë¦¬ë‚˜ëŠ” ë§¤ì¶œ! ì „êµ­ ëŒ€ë°• ë§›ì§‘ ëª°ì•„ë³´ê¸° BEST 5,https://www.youtube.com/watch?v=OP4Kzb6p-sw&pp=ygUKa29yZWEgZm9vZA%3D%3D,2ë…„ ì „,ì¡°íšŒìˆ˜ 1853ë§ŒíšŒ,2022-07-02 00:00:00
417,MUKBANG Animarion KOREA FOOD - Stop Motion Paper,https://www.youtube.com/watch?v=53JfI4aFUvg&pp=ygUKa29yZWEgZm9vZA%3D%3D,5ì¼ ì „,ì¡°íšŒìˆ˜ 1.6ì²œíšŒ,2024-06-26 00:00:00
418,ASMR MUKBANG| ì§ì ‘ ë§Œë“  ë¶ˆë‹­ ì§œì¥ ë²„ì„¯ ì–‘ë…ì¹˜í‚¨ ì†Œì„¸ì§€ ë¨¹ë°© & ë ˆì‹œí”¼ SPICY MUSHROOMS AND FIRE NOODLES EATING,https://www.youtube.com/watch?v=jg9gjj_u8NE&pp=ygUKa29yZWEgZm9vZA%3D%3D,1ì¼ ì „,ì¡°íšŒìˆ˜ 6.5ì²œíšŒ,2024-06-30 00:00:00
419,IllusionğŸ¤£   @Byungari ë³‘ì•„ë¦¬ì–¸ë‹ˆ  #korean #food #tiktok  #shorts,https://www.youtube.com/shorts/mMwnT3PDq14,1ë…„ ì „,ì¡°íšŒìˆ˜ 29ë§ŒíšŒ,2023-07-02 00:00:00
420,ì‚¼ë•¡ë¼ë©´ì— ê³„ë¸3ê°œ [ì—„ë§ˆ ë‚˜ ì´ë ‡ê²Œ ë¨¹ì–´] #korea #food #shorts #ramyeon,https://www.youtube.com/shorts/Vdq1TfXU56Y,1ë…„ ì „,ì¡°íšŒìˆ˜ 3ë§ŒíšŒ,2023-07-02 00:00:00
421,ë§¤ìƒì´ #ë§¤ìƒì´êµ­ #ë§¤ìƒì´ #ê²¨ìš¸êµ­ #êµ­ #shorts #korea #food,https://www.youtube.com/shorts/UoiTvXC4RTY,1ë…„ ì „,ì¡°íšŒìˆ˜ 601ë§ŒíšŒ,2023-07-02 00:00:00
422,Eating ______ Calories in a Korean Convenience Store!,https://www.youtube.com/shorts/pdDcZZFD9zo,2ë…„ ì „,ì¡°íšŒìˆ˜ 1.2ë§ŒíšŒ,2022-07-02 00:00:00
423,"Epic KOREAN STREET FOOD MARKET TOUR in Seoul! (GwangJang Market, South Korea)",https://www.youtube.com/watch?v=bx0u67Mj5bY&pp=ygUKa29yZWEgZm9vZA%3D%3D,3ë…„ ì „,ì¡°íšŒìˆ˜ 3036ë§ŒíšŒ,2021-07-02 00:00:00
424,#mukbang korean food Asmr|#full Creamy crepe cake||#Asmr Chinese eating show||#short,https://www.youtube.com/shorts/FGDnvf3jq4I,13ë…„ ì „,ì¡°íšŒìˆ˜ 640ë§ŒíšŒ,2011-07-05 00:00:00
425,amazing Korean street food pasta seeling #food #pastamaker #delicious,https://www.youtube.com/shorts/EdEt8VKoA4A,6ì¼ ì „,ì¡°íšŒìˆ˜ 3ë§ŒíšŒ,2024-06-25 00:00:00
426,"ìˆœëŒ€ê³µì¥ì˜ ì••ë„ì ì¸ ëŒ€ëŸ‰ìƒì‚° í˜„ì¥! / HACCP ì¸ì¦, ë†ë¦¼ì¶•ì‚°ë¶€ ì¥ê´€ìƒ ìˆ˜ìƒ",https://www.youtube.com/watch?v=Ze8RdUpviCM&pp=ygUKa29yZWEgZm9vZA%3D%3D,8ì¼ ì „,ì¡°íšŒìˆ˜ 158ë§ŒíšŒ,2024-06-23 00:00:00
427,ìƒˆë²½ì— ë°°ê³ íŒŒì„œ í¸ì˜ì  10ë§Œì›ì¹˜ í„¸ì—ˆë”ë‹ˆ.. ì§ì›ì´ ë†€ë¬ìŠµë‹ˆë‹¤ğŸ˜±ã…‹ã…‹ã…‹ã…£í¸ì˜ì  ë¨¹ë°© MUKBANG  Convenience store food mukbang Eating show,https://www.youtube.com/watch?v=_QufAhE3UEw&pp=ygUKa29yZWEgZm9vZA%3D%3D,8ë…„ ì „,ì¡°íšŒìˆ˜ 508ë§ŒíšŒ,2016-07-03 00:00:00
428,South Korea's food goes global,https://www.youtube.com/watch?v=f0fbZLtDN7w&pp=ygUKa29yZWEgZm9vZA%3D%3D,11ì¼ ì „,ì¡°íšŒìˆ˜ 753ë§ŒíšŒ,2024-06-20 00:00:00
429,Eating ONLY Korean Convenience Store Food For 24 Hours!!!,https://www.youtube.com/watch?v=zDzH-NF_EE8&pp=ygUKa29yZWEgZm9vZA%3D%3D,1ë…„ ì „,ì¡°íšŒìˆ˜ 7602ë§ŒíšŒ,2023-07-02 00:00:00
430,mukbang korean food Asmr|#full creamy cake||#Asmr Chinese eating show||#shor,https://www.youtube.com/shorts/jszKssQCilA,2ë…„ ì „,ì¡°íšŒìˆ˜ 483íšŒ,2022-07-02 00:00:00
431,"ëª¨ì§œë ë¼ ì¹˜ì¦ˆ ë“¬ë¿ë‹´ê¸´ ë¯¸ì¹œ ê°€ì„±ë¹„, ì¤„ì„œì„œ ë¨¹ëŠ”ë‹¤ëŠ” ëª¨ì§œë ë¼ ì¹˜ì¦ˆ ì½˜ì†Œì„¸ì§€ í•«ë„ê·¸ / êµ¬ë¦¬ í•«ë„ê·¸ - í•œêµ­ ê¸¸ê±°ë¦¬ ìŒì‹",https://www.youtube.com/watch?v=38LuyLaWAJc&pp=ygUKa29yZWEgZm9vZA%3D%3D,3ë…„ ì „,ì¡°íšŒìˆ˜ 63íšŒ,2021-07-02 00:00:00
432,ì‹ ê¸°í•œ ëŒ€ëŸ‰ìƒì‚° ê³¼ì •! ìŒì‹ ê³µì¥ ì˜ìƒ ëª°ì•„ë³´ê¸° / amazing food factory in korea!,https://www.youtube.com/watch?v=mnG8TPAqHfg&pp=ygUKa29yZWEgZm9vZA%3D%3D,1ë…„ ì „,ì¡°íšŒìˆ˜ 3.8ì²œíšŒ,2023-07-02 00:00:00
433,korean fried chicken in KOREAğŸ‡°ğŸ‡· #shorts #ë¨¹ë°© #ì¹˜í‚¨ #korea #food,https://www.youtube.com/shorts/1bGC6Jy07-Q,4ì¼ ì „,ì¡°íšŒìˆ˜ 186ë§ŒíšŒ,2024-06-27 00:00:00
434,ìƒ¤ë¸Œìƒ¤ë¸Œ í•™êµíšŒì‹ #korea #food #life,https://www.youtube.com/shorts/7Hg8dDoJWGo,1ë…„ ì „,ì¡°íšŒìˆ˜ 5.1ë§ŒíšŒ,2023-07-02 00:00:00
435,What Ate for Lunch at the office in korea #koreafoodie #koreafood #food #seoulfoodie,https://www.youtube.com/shorts/lXKYi5mGCe0,4ë…„ ì „,ì¡°íšŒìˆ˜ 4.9ì²œíšŒ,2020-07-02 00:00:00
436,MIND BLOWING Korea CHEAP EATS & HIDDEN GEMS in Seoul | UNDER $3!,https://www.youtube.com/watch?v=ZlB6n6O9m7w&t=298s&pp=ygUKa29yZWEgZm9vZA%3D%3D,1ë…„ ì „,ì¡°íšŒìˆ˜ 2857ë§ŒíšŒ,2023-07-02 00:00:00
437,What we know about North Koreaâ€™s food shortages | Al Jazeera Newsfeed,https://www.youtube.com/watch?v=2YYmZFgQAqs&pp=ygUKa29yZWEgZm9vZA%3D%3D,2ì¼ ì „,ì¡°íšŒìˆ˜ 6489ë§ŒíšŒ,2024-06-29 00:00:00
438,eating ONLY Korean food for a day in NYC,https://www.youtube.com/watch?v=zFE38nnfCcc&pp=ygUKa29yZWEgZm9vZA%3D%3D,1ë…„ ì „,ì¡°íšŒìˆ˜ 3.1ì²œíšŒ,2023-07-02 00:00:00
439,How to eat chicken,https://www.youtube.com/shorts/MAkRd57FKKc,2ë…„ ì „,ì¡°íšŒìˆ˜ 558ë§ŒíšŒ,2022-07-02 00:00:00
440,ìŠ¬ë¼ì„ê³¼ í•¨ê»˜í•˜ëŠ” í¸ì˜ì ë¨¹ë°©  ìŠ¤í†±ëª¨ì…˜! ğŸ˜‹Korean Convenience store food MUKBANG with SLIME!ğŸ˜‹,https://www.youtube.com/watch?v=vNkV-I6HFag&pp=ygUKa29yZWEgZm9vZA%3D%3D,1ë…„ ì „,ì¡°íšŒìˆ˜ 575ë§ŒíšŒ,2023-07-02 00:00:00
441,í•œì‹ë·”í˜ Korean buffet pt85,https://www.youtube.com/shorts/05pjx5f_K7Y,3ì¼ ì „,ì¡°íšŒìˆ˜ 468íšŒ,2024-06-28 00:00:00
442,ë”ë¸” ì¹˜ì¦ˆ íŒ¬ì¼€ì´í¬ - í•œêµ­ ê¸¸ê±°ë¦¬ ìŒì‹ #short,https://www.youtube.com/shorts/0dQonkmCpxg,6ì¼ ì „,ì¡°íšŒìˆ˜ 1ë§ŒíšŒ,2024-06-25 00:00:00
443,"ì§ì ‘ ë½‘ì•„ ë§Œë“œëŠ” ì°¨ëŒ ë–¡ë³¶ì´, ëª¨ë“¬íŠ€ê¹€ / homemade tteokbokki, fried food - korean street food",https://www.youtube.com/watch?v=jSgL-IB7I2U&pp=ygUKa29yZWEgZm9vZA%3D%3D,8ê°œì›” ì „,ì¡°íšŒìˆ˜ 97ë§ŒíšŒ,2023-11-04 00:00:00
444,"What I eat in a day in ëŒ€ì „, Korea #korea #food",https://www.youtube.com/shorts/-Nnr4fhhIvI,1ë…„ ì „,ì¡°íšŒìˆ˜ 415íšŒ,2023-07-02 00:00:00
445,Best korean food #korea #food #comedyvideo #reaction ğŸ¤£ğŸ¤£ğŸ¤£ğŸ¤£ğŸ¤£ğŸ¤£ğŸ¤£ğŸ¤£ğŸ¤£ğŸ¤£,https://www.youtube.com/shorts/Hv16YXsEEio,2ì£¼ ì „,ì¡°íšŒìˆ˜ 62ë§ŒíšŒ,2024-06-17 00:00:00
446,"ëŒ€í•œë¯¼êµ­ ìµœì´ˆ ì•¼ì‹œì¥ì´ë˜ìš”ğŸ˜®ë¶€ì‚° ê¹¡í†µ ì•¼ì‹œì¥ ë¨¹ë°© | ì†¥ëšœê»‘ ì‚¼ê²¹ì‚´, ê°€ë˜ë–¡ ë–¡ë³¶ì´, ë°˜ì„ì˜¤, ì°¨ëŒë°•ì´ ì•¼ë¼ìš°ë™, ì†Œê³ ê¸° ë¶ˆì´ˆë°¥, ìŠ¤ì¹´ì¹˜ì—ê·¸ Korean Market Mukbang",https://www.youtube.com/watch?v=geSfDan6gc0&pp=ygUKa29yZWEgZm9vZA%3D%3D,6ì¼ ì „,ì¡°íšŒìˆ˜ 1166ë§ŒíšŒ,2024-06-25 00:00:00
447,Korean spicy crab noodle soup ğŸœ ğŸ˜‹ #korea #food,https://www.youtube.com/shorts/vqGuckwAV8w,4ì¼ ì „,ì¡°íšŒìˆ˜ 27ë§ŒíšŒ,2024-06-27 00:00:00
448,What does food tell us about North Korea? | Fork the System,https://www.youtube.com/watch?v=iX6WvrzSiYI&pp=ygUKa29yZWEgZm9vZA%3D%3D,4ë…„ ì „,ì¡°íšŒìˆ˜ 9207ë§ŒíšŒ,2020-07-02 00:00:00
449,ğŸ¤” WHO is BETTER at eating rice? Koreans vs.Indians //  indian food eating mukbang show challenge,https://www.youtube.com/shorts/tD1lJrNy2A8,5ì¼ ì „,ì¡°íšŒìˆ˜ 1233ë§ŒíšŒ,2024-06-26 00:00:00
450,shopping in korea vlog ğŸ‡°ğŸ‡· grocery food haul with prices ğŸ¥¬ snacks unboxing & cooking,https://www.youtube.com/watch?v=QJIwws_kk-Q&pp=ygUKa29yZWEgZm9vZA%3D%3D,12ì¼ ì „,ì¡°íšŒìˆ˜ 190ë§ŒíšŒ,2024-06-19 00:00:00
451,Ponyo Ramen by studio Ghibli!ğŸœ #cooking #ramen #ramennoodles #anime #studioghibli #food #japan,https://www.youtube.com/shorts/fkzESUfv6Bs,9ì¼ ì „,ì¡°íšŒìˆ˜ 1.9ë§ŒíšŒ,2024-06-22 00:00:00
452,ë§Œë“œëŠ” ë°©ë²• ê°€ë˜ë–¡ + ë–¡ë³¶ì´ (ë§¤ìš° ì‰¬ìš´) Tteokbokki + Rice Cake [Super Easy],https://www.youtube.com/watch?v=UxpWM7ISoUM&pp=ygUKa29yZWEgZm9vZA%3D%3D,6ì¼ ì „,ì¡°íšŒìˆ˜ 57íšŒ,2024-06-25 00:00:00
453,"ë´„ ë˜ë©´ ê¼­ ë¨¹ëŠ” ë´„ë‚˜ë¬¼ ì „ - ë©”ë°€ ë¯¸ë‚˜ë¦¬ì „ 5,000ì› - í•œêµ­ ê¸¸ê±°ë¦¬ ìŒì‹ #shorts",https://www.youtube.com/shorts/DibONZPZKyI,2ë…„ ì „,ì¡°íšŒìˆ˜ 387ë§ŒíšŒ,2022-07-02 00:00:00
454,ìˆ˜ì œ ì¹˜ì¦ˆ ì†ŒìŠ¤ë¡œ ë§Œë“  ë¯¸êµ­ì‹ ë”¥ì¹˜ì¦ˆ ë”ë¸” ë²„ê±° - Korean Street Food,https://www.youtube.com/watch?v=Nbo4qT-OrRc&pp=ygUKa29yZWEgZm9vZA%3D%3D,6ë…„ ì „,ì¡°íšŒìˆ˜ 1243ë§ŒíšŒ,2018-07-03 00:00:00
455,#korea #food #ìˆë°¥ìŠ¤ #ë°¥ì²˜ëŸ¼ìŒì•…ì²˜ëŸ¼ #music #eat #delicious #ê³„ë€ì°œ #ì‚´ì•„ìˆë„¤ #ë§›ì§‘ #ì¢‹ì•„ìš” #êµ¬ë… #please,https://www.youtube.com/shorts/0ZVjJTlkODc,1ë…„ ì „,ì¡°íšŒìˆ˜ 248íšŒ,2023-07-02 00:00:00
456,"vlog | ë§ˆíŠ¸ì—ì„œ ì¥ë³´ê³  ğŸ¥’ë“ ë“ í•œ ì§‘ë°¥ ìš”ë¦¬, ê°•ì—° ë‹¤ë…€ì˜¨ í›„ í›„ì¶”ë‘ ë‚®ì , ìƒˆì½¤ë‹¬ì½¤ ì‚¬ê³¼ì¼ğŸ",https://www.youtube.com/watch?v=sPZJzirIRjM&pp=ygUKa29yZWEgZm9vZA%3D%3D,2ë…„ ì „,ì¡°íšŒìˆ˜ 3.8ë§ŒíšŒ,2022-07-02 00:00:00
457,Korean Convenience Store Food Mukbang ì£¼í™©ìƒ‰ í¸ì˜ì  ë””ì €íŠ¸ ì•„ì´ìŠ¤í¬ë¦¼ ì ¤ë¦¬ ë¨¹ë°©! ORANGE DESSERT JELLY CANDY | HIU í•˜ì´ìœ ,https://www.youtube.com/watch?v=HN0gSqRgEts&pp=ygUKa29yZWEgZm9vZA%3D%3D,5ê°œì›” ì „,ì¡°íšŒìˆ˜ 3.3ì²œíšŒ,2024-02-02 00:00:00
458,ğŸ‡°ğŸ‡·ğ“šğ“ğ“¡ğ“”ğ“ ğ“•ğ“ğ“ğ““ ğ“¡ğ“”ğ“›ğ“ğ“¨ ğŸ“5íƒ„ - ë‹¤ë¬¼ê¼¬ì¹˜#ë§›ì§‘ #ìº í•‘ìš”ë¦¬ #ê¼¬ì¹˜ #ì´ìì¹´ì•¼ #í˜‘ì°¬,https://www.youtube.com/shorts/JwGShYYwITc,1ë…„ ì „,ì¡°íšŒìˆ˜ 1336ë§ŒíšŒ,2023-07-02 00:00:00
459,Korean Street Food! Korean style popular street food collection Korean Street Food,https://www.youtube.com/watch?v=V2CZ3DJM8G0&pp=ygUKa29yZWEgZm9vZA%3D%3D,4ë…„ ì „,ì¡°íšŒìˆ˜ 535íšŒ,2020-07-02 00:00:00
460,í•œêµ­ ëŒ€í‘œ ìŒì‹ ì‚¼ê²¹ì‚´ korea food / ê¶Œí”„ë¡œí‹°ë¹„,https://www.youtube.com/shorts/zaGAEEotYHo,1ë…„ ì „,ì¡°íšŒìˆ˜ 871ë§ŒíšŒ,2023-07-02 00:00:00
461,ì§ì ‘ ë§Œë“  ë²„ì„¯ í•´ë¬¼ì°œ ë¨¹ë°©! íŒ½ì´ë²„ì„¯ ì˜¤ì§•ì–´ ë‚™ì§€ ì­ˆê¾¸ë¯¸ ìƒˆìš° SPICY SEAFOOD BOIL ğŸ™ğŸ¦‘ MUSHROOM EATING ASMR MUKBANG,https://www.youtube.com/watch?v=Vsv2w5_26Eg&pp=ygUKa29yZWEgZm9vZA%3D%3D,1ë…„ ì „,ì¡°íšŒìˆ˜ 6.7ì²œíšŒ,2023-07-02 00:00:00
462,#ê°•ì›ë„ #ë§›ì§‘ #ì†ë‘ë¶€ #korea #food #diet,https://www.youtube.com/shorts/in5WI6gepAA,2ë…„ ì „,ì¡°íšŒìˆ˜ 6.2ë§ŒíšŒ,2022-07-02 00:00:00
463,ì¥ ë‚ ì´ë©´ ì‰´ìƒˆì—†ëŠ” ê°€ì„±ë¹„ ì‹œì¥ íšŸì§‘ ! í˜„ë€í•œ ë‹¬ì¸ì˜ íšŒì°ê¸° ìŠ¤í‚¬ ! | Korean Market Fish Cutting Master ! | Korean Street Food,https://www.youtube.com/watch?v=4RsZUd_ijPY&pp=ygUKa29yZWEgZm9vZA%3D%3D,6ê°œì›” ì „,ì¡°íšŒìˆ˜ 1.3ë§ŒíšŒ,2024-01-03 00:00:00
464,Best food in KoreanğŸ‡°ğŸ‡· convenience store #asmr #mukbang #korea #food #ramen #kimbap #buldak #kfood,https://www.youtube.com/shorts/5w4zJoLpL-w,1ë…„ ì „,ì¡°íšŒìˆ˜ 85ë§ŒíšŒ,2023-07-02 00:00:00
465,"ìì·¨ìƒ ì•„ì¹¨ë©”ë‰´ - ë‹¹ê·¼ë¼í˜ ìƒŒë“œìœ„ì¹˜ ğŸ¥• korean cooking videos at home, what i eat in a day korean vlog",https://www.youtube.com/shorts/JJj5Iw842Cw,4ë…„ ì „,ì¡°íšŒìˆ˜ 3.3ì²œíšŒ,2020-07-02 00:00:00
466,#koreanfood #food #foodie #korean #korea #mukbang,https://www.youtube.com/shorts/2NNo-ZjpBqk,7ì¼ ì „,ì¡°íšŒìˆ˜ 25ë§ŒíšŒ,2024-06-24 00:00:00
467,Trying Indian ğŸ‡®ğŸ‡³Food in Korea: Samosas #shorts #foodie #eating #indianfood #mukbang #asmr,https://www.youtube.com/shorts/zpfucxfj9p8,3ë…„ ì „,ì¡°íšŒìˆ˜ 1.1ë§ŒíšŒ,2021-07-02 00:00:00
468,Korean food #minivolgs #korea #koreanfood #corndog #viral #shorts #short #food #foodie #viralshorts,https://www.youtube.com/shorts/5aFGTnOjHgY,3ë…„ ì „,ì¡°íšŒìˆ˜ 1272ë§ŒíšŒ,2021-07-02 00:00:00
469,1ì‹œê°„ ìˆœì‚­! ì••ë„ì ì¸ ìŠ¤ì¼€ì¼ì˜ í•œêµ­ í•™êµ ê¸‰ì‹ë¶€í„° ì‹í’ˆê³µì¥ ê¸¸ê±°ë¦¬ìŒì‹ ëŒ€ëŸ‰ìƒì‚° ëª°ì•„ë³´ê¸° / School Lunch & Food Factory / korean street food,https://www.youtube.com/watch?v=b9ExuwT_7HE&pp=ygUKa29yZWEgZm9vZA%3D%3D,2ë…„ ì „,ì¡°íšŒìˆ˜ 112ë§ŒíšŒ,2022-07-02 00:00:00
470,korean fast food #ë§›ìˆëŠ” #korea #food #ë§›ì§‘ #koreantourism #ë¨¹ë°© #ë¨¹ê¸° #ì‹ë‹¨ #í•œêµ­ #mukbang #habibi #beef #1k,https://www.youtube.com/shorts/LpRC_harALo,3ì¼ ì „,ì¡°íšŒìˆ˜ 5.4ì²œíšŒ,2024-06-28 00:00:00
471,ê¹€ë°¥ì„ ì²˜ìŒ ë¨¹ì–´ë³¸ ìŠ¤íŒŒì´ë”ë§¨ ë°°ìš° í†° í™€ëœë“œì˜  ë°˜ì‘?!,https://www.youtube.com/shorts/hCZp06Mln6k,1ë…„ ì „,ì¡°íšŒìˆ˜ 4797ë§ŒíšŒ,2023-07-02 00:00:00
472,ê¹€ë°¥ìœ¼ë¡œ ë‚œë¦¬ë‚œ ë¯¸êµ­ì—ì„œ í•œêµ­ìŒì‹ íŒ”ì ì´ˆëŒ€ë°•ë‚œ í˜„ì¬ ê·¼í™© ã„·ã„·.. (ë¯¸êµ­ í˜„ì§€ ë°˜ì‘),https://www.youtube.com/watch?v=hwUxoJYrlIE&pp=ygUKa29yZWEgZm9vZA%3D%3D,1ë…„ ì „,ì¡°íšŒìˆ˜ 12ë§ŒíšŒ,2023-07-02 00:00:00
473,#ì¤‘êµ­ì§‘ #ìš¸ë©´ #korea #food #shorts,https://www.youtube.com/shorts/H5cUASzur64,11ë…„ ì „,ì¡°íšŒìˆ˜ 9.3ì²œíšŒ,2013-07-04 00:00:00
474,ê³ ìŠ¬ê³ ìŠ¬ ì¤‘í™” ê³„ë€ë³¶ìŒë°¥ / egg fried rice - korean street food,https://www.youtube.com/watch?v=9KZsgt5ENB4&pp=ygUKa29yZWEgZm9vZA%3D%3D,2ì¼ ì „,ì¡°íšŒìˆ˜ 425íšŒ,2024-06-29 00:00:00
475,Ich habe die BESTEN Food Hotspots in Korea getestet! ğŸ‡°ğŸ‡·,https://www.youtube.com/watch?v=zbIN6WmDigw&pp=ygUKa29yZWEgZm9vZA%3D%3D,9ì¼ ì „,ì¡°íšŒìˆ˜ 5ì²œíšŒ,2024-06-22 00:00:00
476,ì•„ì£¼ ë§›ìˆëŠ”^^ #asmrfood #koreanfood #korea #food #í¸ì˜ì  #ë¼ë©´ â¤,https://www.youtube.com/shorts/-Ke-YO5Zdew,4ì¼ ì „,ì¡°íšŒìˆ˜ 41íšŒ,2024-06-27 00:00:00
477,ë¶í•´ë„ ì„ì—°ìˆ˜ ì‘ì—…~~ğŸ™ŒğŸ˜ğŸ˜‹ #korea #food #india #china #japan #usa #fish #shorts #youtubeshorts,https://www.youtube.com/shorts/RWLVxpIpZFo,7ì¼ ì „,ì¡°íšŒìˆ˜ 1ë§ŒíšŒ,2024-06-24 00:00:00
478,#ê³ ì†í„°ë¯¸ë„10ì¸µ #í¬ì„ì •            #Korea food      #Shorts,https://www.youtube.com/shorts/Zl8ST7kRlyo,2ì¼ ì „,ì¡°íšŒìˆ˜ 2.7ì²œíšŒ,2024-06-29 00:00:00
479,Top 4 Korean Food You Need To Try,https://www.youtube.com/shorts/PssA_0GqDX0,4ë…„ ì „,ì¡°íšŒìˆ˜ 3.3ë§ŒíšŒ,2020-07-02 00:00:00
480,korea LOVES chicken #koreafood #travelseason #friedchicken,https://www.youtube.com/shorts/Zm53jxOIrjY,7ë…„ ì „,ì¡°íšŒìˆ˜ 2.8ë§ŒíšŒ,2017-07-03 00:00:00
481,Korean noodlesğŸœğŸ˜‹ğŸ¤¤ğŸ«¶.  #experiment #reels #love #pablic #korea #koreannoodles #viral #newshorts,https://www.youtube.com/shorts/rd_EANP50Kg,4ë…„ ì „,ì¡°íšŒìˆ˜ 428íšŒ,2020-07-02 00:00:00
482,Korea Food Expedition  3 / 4,https://www.youtube.com/watch?v=7JDvdEsqBuE&pp=ygUKa29yZWEgZm9vZA%3D%3D,4ë…„ ì „,ì¡°íšŒìˆ˜ 1.9ë§ŒíšŒ,2020-07-02 00:00:00
483,í•œêµ­ì—ì„œ ê°€ì¥ ì¸ê¸°ìˆëŠ” ê¸¸ê±°ë¦¬ ìŒì‹ ëª°ì•„ë³´ê¸°! / Popular Korean Street food Collection!,https://www.youtube.com/watch?v=BxRzTDKvVjo&pp=ygUKa29yZWEgZm9vZA%3D%3D,2ë…„ ì „,ì¡°íšŒìˆ˜ 23ë§ŒíšŒ,2022-07-02 00:00:00
484,ëª¨ë“¬ì „ ë¹„ ì˜¤ëŠ” ë‚  ìœ„ë¡œê°€ ë˜ëŠ” ìŒì‹ #food #korea #ë§›ì§‘ #koreafood #ë¨¹ë°© #kfood #yummy #koreanfood,https://www.youtube.com/shorts/7OmSfJlKx0Q,2ë…„ ì „,ì¡°íšŒìˆ˜ 619ë§ŒíšŒ,2022-07-02 00:00:00
485,ë™íƒ„ ì¹˜ì¦ˆí­íƒ„ í”¼ì! ê°ì¢… SNSì—ì„œ ë– ì˜¤ë¥´ëŠ” í•« í•œ ë§›ì§‘! ì¹˜ì¦ˆ ì–´ë””ê¹Œì§€ ëŠ˜ì–´ë‚˜ëŠ”ê±°ì•¼ / ë™íƒ„ë§›ì§‘ ë†ê°€ì˜í•˜ë£¨ ì¹˜ì¦ˆí­íƒ„í”¼ì,https://www.youtube.com/watch?v=wHRVxAZuTsE&pp=ygUKa29yZWEgZm9vZA%3D%3D,6ë…„ ì „,ì¡°íšŒìˆ˜ 74íšŒ,2018-07-03 00:00:00
486,"seoul vlog ğŸ¢ trying korea's #1 street food market (and more! chill, rainy day)",https://www.youtube.com/watch?v=6LhzwP7Kl8w&pp=ygUKa29yZWEgZm9vZA%3D%3D,1ë…„ ì „,ì¡°íšŒìˆ˜ 3íšŒ,2023-07-02 00:00:00
487,#mukbang korean food Asmr||#full creamy full chocolate cake||#Asmr Chinese eating show||#short,https://www.youtube.com/shorts/jHTLuF5qT-c,6ì¼ ì „,ì¡°íšŒìˆ˜ 5.3ì²œíšŒ,2024-06-25 00:00:00
488,ëŒ€êµ¬ë§›ì§‘ ì••êµ¬ì •í¸ì˜ì  ìˆ˜ì„±ëª» #daegu #ë§›ì§‘ #koreafood #food #daegufood #koreanfood #yummy #ìˆ˜ì„±ëª» #ëŒ€êµ¬ë§›ì§‘ #shorts #korea,https://www.youtube.com/shorts/DvHBWjifLQE,5ë…„ ì „,ì¡°íšŒìˆ˜ 1282ë§ŒíšŒ,2019-07-03 00:00:00
489,#korea #food #ë§›ì§‘ #ìˆë°¥ìŠ¤ #ë°¥ì²˜ëŸ¼ìŒì•…ì²˜ëŸ¼ #music #eat #delicious #ì´ˆë°¥ #ê¿© #ìš”ë¦¬ #ì½”ìŠ¤ìš”ë¦¬ #êµ¬ë… #ì¢‹ì•„ìš”,https://www.youtube.com/shorts/o3wQaI9f--c,3ë…„ ì „,ì¡°íšŒìˆ˜ 6.9ì²œíšŒ,2021-07-02 00:00:00
490,ğŸ§ˆ ê¸¸ê±°ë¦¬ í† ìŠ¤íŠ¸ ë„ì‹œë½ ğŸ¥ª #ë„ì‹œë½ #lunchbox  #bento #koreafood,https://www.youtube.com/shorts/FhL6_7bGNpU,4ê°œì›” ì „,ì¡°íšŒìˆ˜ 27ë§ŒíšŒ,2024-03-03 00:00:00
491,KOREAN STREET FOOD - ê´‘ì¥ ì‹œì¥ ê±°ë¦¬ ìŒì‹ ì—¬í–‰ ì„œìš¸ South Korea | ìµœê³  ë§¤ìš´ í•œêµ­ ìŒì‹(Luke Martin),https://www.youtube.com/watch?v=cVZheE7mNR4&pp=ygUKa29yZWEgZm9vZA%3D%3D,3ë…„ ì „,ì¡°íšŒìˆ˜ 23ë§ŒíšŒ,2021-07-02 00:00:00
492,[Korea Food]5ë¶„ì´ë©´ ë§Œë“œëŠ” ê³„ë€ë§ˆìš”ë„¤ì¦ˆë®ë°¥ ë§Œë“¤ê¸° Egg mayonnaise rice,https://www.youtube.com/watch?v=AVi3cY3W0y4&pp=ygUKa29yZWEgZm9vZA%3D%3D,1ë…„ ì „,ì¡°íšŒìˆ˜ 412íšŒ,2023-07-02 00:00:00
493,"best korean street food: cheesy tteokbokki, korean spicy rice cakes and eomuk, korean fish cakes ë¨¹ë°©",https://www.youtube.com/shorts/Z_WS7thX8lw,2ì¼ ì „,ì¡°íšŒìˆ˜ 232íšŒ,2024-06-29 00:00:00
494,Trying Malaysian ğŸ‡²ğŸ‡¾Food for the first time in Korea ASMR ğŸ˜‹Char Kuey Teow #foodie #mukbangasmr,https://www.youtube.com/shorts/fKAcHdO1_p8,4ì¼ ì „,ì¡°íšŒìˆ˜ 34ë§ŒíšŒ,2024-06-27 00:00:00
495,#mukbang #eattingsounds #koreafood,https://www.youtube.com/shorts/hZ7LbAPFoaU,10ì¼ ì „,ì¡°íšŒìˆ˜ 1119ë§ŒíšŒ,2024-06-21 00:00:00
496,#korea#food#ëˆ„ë£½ì§€ì‚¼ê³„íƒ•,https://www.youtube.com/shorts/ajmbCiZ9lJg,1ê°œì›” ì „,ì¡°íšŒìˆ˜ 414ë§ŒíšŒ,2024-06-01 00:00:00
497,Korean Corn Dog /Hot Dog - Famous Korean Street Food Recipe by Food Fusion,https://www.youtube.com/watch?v=H_xRAwF-XhE&pp=ygUKa29yZWEgZm9vZA%3D%3D,4ë…„ ì „,ì¡°íšŒìˆ˜ 25ë§ŒíšŒ,2020-07-02 00:00:00
498,ASMR MUKBANG í¸ì˜ì  í•µë¶ˆë‹­ ë¯¸ë‹ˆ!! ë–¡ë³¶ì´ & í•«ë„ê·¸ & ê¹€ë°¥ FIRE Noodle & HOT DOG & GIMBAB EATING SOUND!,https://www.youtube.com/watch?v=vNBt7b80UpA&pp=ygUKa29yZWEgZm9vZA%3D%3D,4ë…„ ì „,ì¡°íšŒìˆ˜ 1.5ë§ŒíšŒ,2020-07-02 00:00:00
499,"ê°„ë§Œì— ë¨¹ëŠ” í‘¸ì§í•œ ì§‘ë°¥ í•œ ìƒ! ì œìœ¡ë³¶ìŒ, ì–‘ë¯¸ë¦¬ì¡°ë¦¼, ì½©ìë°˜ í•œì‹ ë¨¹ë°©! (Korean homemade foods) ìš”ë¦¬&ë¨¹ë°©!! - Mukbang eating show",https://www.youtube.com/watch?v=RBtyaEDxzWs&pp=ygUKa29yZWEgZm9vZA%3D%3D,7ë…„ ì „,ì¡°íšŒìˆ˜ 5.6ë§ŒíšŒ,2017-07-03 00:00:00
